Company,Specific Bean Origin,REF,Review,Cocoa Percent,Company Location,Rating,Bean Type,Broad Bean Origin
Willie's Cacao,Rio Caribe,457,2009,72%,U.K.,3.25,Trinitario,Venezuela
Beschle (Felchlin),"Ocumare, Premier Cru, Quizas No. 2",508,2010,72%,Switzerland,3.5, ,Venezuela
Dark Forest,Tanzania,1554,2015,70%,U.S.A.,3.0, ,Tanzania
Brasstown aka It's Chocolate,Cooproagro,1125,2013,72%,U.S.A.,3.0,Trinitario,Dominican Republic
Pralus,"Java, Indonesie",32,2006,75%,France,3.5,Criollo,Indonesia
Pitch Dark,Chuno,1510,2015,80%,U.S.A.,2.75,"Criollo, Trinitario",Nicaragua
Letterpress,Beniamo,1562,2015,70%,U.S.A.,3.25, ,Bolivia
Shark Mountain,Cuyagua,1466,2015,77%,U.S.A.,2.75,Criollo,Venezuela
Laia aka Chat-Noir,"Lam Dong, Batch 153",1642,2015,75%,France,3.75,Trinitario,Vietnam
Duffy's,Star of Ecuador,523,2010,70%,U.K.,2.5, ,Ecuador
Aequare (Gianduja),"Los Rios, Quevedo, Arriba",370,2009,70%,Ecuador,3.0,Forastero (Arriba),Ecuador
Beschle (Felchlin),"Indigena Amazonia, Grand Cru, Quizas",636,2011,72%,Switzerland,3.5, ,Venezuela
Map Chocolate,"Tumbes, Dear Mr. Finley, 2014",1606,2015,68%,U.S.A.,3.5,Criollo,Peru
Kyya,Madagascar,1363,2014,72.5%,U.S.A.,3.0,Trinitario,Madagascar
Fruition,"Coto Brus, Heirloom, Batch 1",1780,2016,74%,U.S.A.,4.0,Amazon mix,Costa Rica
Hoja Verde (Tulicorp),Arriba,414,2009,58%,Ecuador,3.25,Forastero (Arriba) ASS,Ecuador
Cacao Hunters,Arhuacos,1662,2015,72%,Colombia,3.75, ,Colombia
Dark Forest,Ocumare,1550,2015,70%,U.S.A.,3.25, ,Venezuela
Habitual,Papua New Guinea,1197,2014,80%,Canada,2.75, ,Papua New Guinea
Vicuna,Palos Blancos + nibs,1470,2015,70%,U.S.A.,3.25, ,Bolivia
Kallari (Ecuatoriana),Sisa's Secret/ original micro,241,2008,70%,Ecuador,3.5, ,Ecuador
Chocosol,"Chiapas, Lacandon Jungle, Oaxacom Mtn",682,2011,65%,Canada,3.25, ,Mexico
Habitual,Africa meets Latina,1201,2014,70%,Canada,3.0, , 
Willie's Cacao,Hacienda Las Trincheras,593,2010,72%,U.K.,3.5, ,Venezuela
Escazu,"Carenero, Guapiles, Ocumare blend",431,2009,74%,U.S.A.,2.75, ,"Cost Rica, Ven"
Soma,"Apurimac, El Quinacho Co-op",1073,2013,70%,Canada,2.75,Criollo,Peru
Pierre Marcolini,Trinite,478,2010,75%,Belgium,3.25,Trinitario,Trinidad
Blanxart,"Congo, Grand Cru",1046,2013,82%,Spain,3.5,Forastero,Congo
Chloe Chocolat,Blend No. 1,672,2011,70%,France,3.5, , 
Burnt Fork Bend,"Ecuador, Bob Bar",1323,2014,60%,U.S.A.,2.5, ,Ecuador
Glennmade,Bahia,1672,2015,66%,U.S.A.,3.0,"Trinitario, Forastero",Brazil
Silvio Bessone,"Trintade, Sao Tome",725,2011,65%,Italy,3.25,Forastero,Sao Tome
East Van Roasters,Peru,1343,2014,70%,Canada,3.25, ,Peru
Michel Cluizel,"Chiapas, Mokaya P.",963,2012,66%,France,3.75, ,Mexico
Pump Street Bakery,Guantupi River,1223,2014,75%,U.K.,3.0,Forastero (Nacional),Ecuador
Pacari,Esmeraldas,224,2008,60%,Ecuador,2.5,Forastero (Arriba),Ecuador
Duffy's,Ocumare,923,2012,72%,U.K.,3.75, ,Venezuela
Vintage Plantations (Tulicorp),"Los Rios, Rancho Grande 2004/2007",153,2007,75%,U.S.A.,3.0,Forastero (Arriba),Ecuador
DeVries,Bolivian,241,2008,80%,U.S.A.,2.75, ,Bolivia
Dean and Deluca (Belcolade),Peru,180,2007,64%,U.S.A.,3.0, ,Peru
Lonohana,"Haleiwa E, O'ahu, 2014",1395,2014,65%,U.S.A.,3.25, ,Hawaii
Nibble,"Ambanja, Sambirano Valley",1526,2015,72%,U.S.A.,3.0,Trinitario,Madagascar
Artisan du Chocolat,Ba Ria Vung Tau Province,600,2010,72%,U.K.,3.25,Trinitario,Vietnam
Bouga Cacao (Tulicorp),"El Oro, Hacienda de Oro",316,2009,77%,Ecuador,3.25,Forastero (Arriba),Ecuador
Ocho,"PNG, Devotion",1411,2014,66%,New Zealand,2.75, ,Papua New Guinea
Solstice,Amazonas,1157,2013,70%,U.S.A.,3.0, ,Venezuela
Xocolla,"Hispaniola, batch 170104",1948,2017,70%,U.S.A.,2.5, ,Dominican Republic
Scharffen Berger,Ben Tre,445,2009,72%,U.S.A.,3.75,Trinitario,Vietnam
Domori,Hacienda Victoria,1672,2015,70%,Italy,3.75, ,Ecuador
Cacao de Origen,Agua Fria; Sucre region,1391,2014,75%,Venezuela,2.5, ,Venezuela
Meadowlands,Venezuela,1287,2014,70%,U.S.A.,2.75, ,Venezuela
Pitch Dark,Johe,1506,2015,80%,U.S.A.,2.75, ,Nicaragua
Martin Mayer,Tumaco,1836,2016,74%,Austria,3.25, ,Colombia
Willie's Cacao,Los Llanos,1227,2014,88%,U.K.,3.0,Trinitario,Colombia
Tablette (aka Vanillabeans),Trinidad,1680,2015,77%,Japan,2.75,Trinitario,Trinidad
Marou,Ba Ria,845,2012,76%,Vietnam,3.5,Trinitario,Vietnam
Bonnat,Madagascar,75,2006,75%,France,4.0,Trinitario,Madagascar
Duffy's,"Bocas del Toro, Tierra Oscura",697,2011,72%,U.K.,3.0, ,Panama
Mast Brothers,Patanemo,572,2010,81%,U.S.A.,2.75,Criollo,Venezuela
Tejas,Presidio,805,2012,70%,U.S.A.,3.5, ,Dominican Republic
Tocoti,Venezuela,789,2011,72%,U.S.A.,2.75, ,Venezuela
Lillie Belle,Wild Thing,947,2012,68%,U.S.A.,3.5,Criollo,Bolivia
La Maison du Chocolat (Valrhona),Akosombo,346,2009,68%,France,3.25,Forastero,Ghana
Metiisto,"Fazenda Sempre Firme P., Bahia",1267,2014,70%,Sweden,3.0, ,Brazil
Chuao Chocolatier,Choroni,445,2009,61%,U.S.A.,3.0,Criollo,Venezuela
Askinosie,Mababa,1780,2016,68%,U.S.A.,3.75,Trinitario,Tanzania
Palette de Bine,Lam Dong,1574,2015,72%,Canada,3.75,Trinitario,Vietnam
S.A.I.D.,Latino,615,2010,72%,Italy,3.5, , 
Rogue,Jamaica,213,2008,70%,U.S.A.,2.75,Trinitario,Jamaica
Artisan du Chocolat,Costa Rica,600,2010,72%,U.K.,3.25, ,Costa Rica
Robert (aka Chocolaterie Robert),Madagascar w/ nibs,1061,2013,68%,Madagascar,3.25,Trinitario,Madagascar
A. Morin,Chuao,1015,2013,70%,France,4.0,Trinitario,Venezuela
Batch,"Dominican Republic, Batch 3",1840,2016,65%,U.S.A.,3.5, ,Domincan Republic
Malagasy (Chocolaterie Robert),Mora Mora 2006,184,2007,73%,Madagascar,3.5,Trinitario,Madagascar
Manoa,Coto Brus,1522,2015,72%,U.S.A.,3.75, ,Costa Rica
Bonnat,"Porcelana, Venezuela",199,2008,75%,France,4.0,Criollo (Porcelana),Venezuela
Mission,"Fazenda Camboa, Bahia",1880,2016,75%,Brazil,3.75, ,Brazil
La Oroquidea,Peruvian Amazon,721,2011,72%,Peru,2.5, ,Peru
Mesocacao,"La Tronca, Matagalpa",1351,2014,70%,Honduras,3.25, ,Nicaragua
L.A. Burdick (Felchlin),Quito,682,2011,74%,U.S.A.,3.75, ,Ecuador
Cacaoyere (Ecuatoriana),Pichincha,259,2008,91%,Ecuador,1.5,Forastero (Arriba),Ecuador
Terroir,Peru,1478,2015,70%,U.S.A.,2.75, ,Peru
Soma,Equator,1081,2013,67%,Canada,4.0, ,"Peru, Dom. Rep"
Terroir,Ecuador,1323,2014,77%,U.S.A.,3.25, ,Ecuador
Kto,Sambirano Valley,1422,2014,72%,U.S.A.,3.25,Trinitario,Madagascar
Adi,Vanua Levu,705,2011,60%,Fiji,2.75,Trinitario,Fiji
Zotter,"Satipo Pangoa region, 16hr conche",875,2012,70%,Austria,3.0,Criollo (Amarru),Peru
Bahen & Co.,Bahia,999,2012,70%,Australia,2.5, ,Brazil
Marou,Ben Tre,849,2012,78%,Vietnam,3.5,Trinitario,Vietnam
Arete,Lam Dong,1928,2016,73%,U.S.A.,3.25, ,Vietnam
Rancho San Jacinto,Ecuador,565,2010,75%,Eucador,3.0,"Forastero(Arriba, CCN)",Ecuador
Solomons Gold,Solomon Island,1792,2016,70%,New Zealand,3.25, ,Solomon Islands
Paul Young,"Madagascar, w/ shell",1271,2014,73%,U.K.,2.25,Trinitario,Madagascar
Pura Delizia,Venezuela,931,2012,73%,Italy,2.75, ,Venezuela
Starchild,Rio Tuma,1692,2015,70%,U.S.A.,3.0,Trinitario (Amelonado),Nicaragua
"Smooth Chocolator, The",Tien Giang,1864,2016,70%,Australia,3.0,Trinitario,Vietnam
Dandelion,"Zorzal Reserva, 2015 H., Kerchner",1816,2016,70%,U.S.A.,3.75, , 
Manoa,"Liberia, #174",1003,2012,72%,U.S.A.,3.25, ,Liberia
Millcreek Cacao Roasters,Ecuador,825,2012,70%,U.S.A.,3.5, ,Ecuador
Zokoko,Goddess Blend,1780,2016,65%,Australia,3.25, , 
Burnt Fork Bend,Blend,1303,2014,72%,U.S.A.,3.25,Blend, 
Domori,"IL100, H. San Jose",1109,2013,100%,Italy,3.0,Criollo,Venezuela
Chocolate Con Amor,Ecuador,1764,2016,70%,U.S.A.,3.25, ,Ecuador
Woodblock,Costa Rica,825,2012,70%,U.S.A.,3.0, ,Costa Rica
Wilkie's Organic,Tumbes,1169,2013,75%,Ireland,3.25,Criollo,Peru
Manufaktura Czekolady,Kolumbia,1279,2014,85%,Poland,3.5, ,Colombia
Tejas,Aranama,805,2012,70%,U.S.A.,3.0, ,Papua New Guinea
Kiskadee,"La Red, Guanconjeco",1251,2014,60%,U.S.A.,3.0,Trinitario,Dominican Republic
Willie's Cacao,Java,593,2010,69%,U.K.,3.75, ,Indonesia
Manufaktura Czekolady,Peru,1848,2016,70%,Poland,3.5, ,Peru
Emily's,Peru,1454,2015,78%,Japan,3.5,Criollo,Peru
Kaoka (Cemoi),Noir,404,2009,70%,France,2.75, , 
The Barn,Peru,1614,2015,70%,Sweden,3.0, ,Peru
Soma,Patanemo,1077,2013,70%,Canada,3.75,Criollo,Venezuela
Tejas,"Bahia, Floresta Azul,Good Friends Reserve#3",971,2012,70%,U.S.A.,3.5,Forastero (Parazinho),Brazil
Hotel Chocolat (Coppeneur),"Chanchamayo, Pichanadi, 2012, 60hr c.",1109,2013,100%,U.K.,2.75, ,Peru
Davis,Rainforest,1093,2013,70%,U.S.A.,2.75, ,Dominican Republic
Minimal,"Acul-du-Nord, 2015",1920,2016,70%,Japan,3.5,"Criollo, Trinitario",Haiti
Szanto Tibor,"Winak, Sumaco",1704,2015,70%,Hungary,3.75,Forastero (Nacional),Ecuador
Ritual,Sambirano,891,2012,75%,U.S.A.,4.0,Trinitario,Madagascar
Belyzium,Belize south,1768,2016,83%,Germany,3.5,Trinitario,Belize
Potomac,"Upala, Batch 18",654,2011,70%,U.S.A.,3.0,Matina,Costa Rica
Manoa,"Hamakua, Hawaiian Crown, #176",1007,2012,72%,U.S.A.,2.75, ,Hawaii
Soma,Hispaniola,377,2009,70%,Canada,3.0,Forastero,Dominican Republic
Q Chocolate,Brazil,1057,2013,85%,Brazil,3.5, ,Brazil
Vao Vao (Chocolaterie Robert),Madagascar,404,2009,76%,Madagascar,2.75,Trinitario,Madagascar
French Broad,Tumbes Coop,883,2012,70%,U.S.A.,2.5,Criollo,Peru
Cloudforest,"Camino Verde P., Balao, Guayas, 2014",1486,2015,73%,U.S.A.,3.5, ,Ecuador
Bonnat,"Cusco, Cacao Cusco",629,2011,75%,France,3.5, ,Peru
Solstice,Bolivia,1161,2013,70%,U.S.A.,3.25, ,Bolivia
Black River (A. Morin),Blue Mountain Region,1331,2014,70%,U.K.,2.75,Trinitario,Jamaica
Snake & Butterfly,Ecuador,502,2010,68%,U.S.A.,3.25, ,Ecuador
Roasting Masters,Maleku,1844,2016,70%,South Korea,3.25, ,Costa Rica
Nuance,"Sambirano Valley, 2012",1458,2015,70%,U.S.A.,3.5,Trinitario,Madagascar
Seaforth,Dominican Republic,1658,2015,70%,U.K.,2.75, ,Domincan Republic
A. Morin,Carenero,1315,2014,70%,France,2.75,Criollo,Venezuela
Chocolate Alchemist-Philly,"Philly Blend, 5 plantations",1772,2016,80%,U.S.A.,2.5, , 
A. Morin,Quilla,1704,2015,70%,France,3.5, ,Peru
Middlebury,Alto Beni,887,2012,75%,U.S.A.,2.0,Criollo,Bolivia
Brasstown aka It's Chocolate,"Guasare, Zulia Prov.",1868,2016,70%,U.S.A.,3.5,Criollo,Venezuela
Holy Cacao,Gran Couva,1466,2015,70%,Israel,3.5,Trinitario,Trinidad
Lindt & Sprungli,Excellence (US Version),157,2007,85%,Switzerland,3.0, , 
Izard,"Maya Mountain, Toledo, Batch 29",1542,2015,70%,U.S.A.,3.5,Trinitario,Belize
Dick Taylor,Ecuador,769,2011,70%,U.S.A.,3.25, ,Ecuador
Cravve,"Vanuatu, batch 2410",1335,2014,83%,Australia,2.75,Trinitario,Vanuatu
Danta,Las Acacias E.,987,2012,70%,Guatemala,4.0,Criollo,Guatemala
Guittard,Chucuri,15,2006,65%,U.S.A.,3.0,Trinitario,Colombia
Artisan du Chocolat,Java,355,2009,72%,U.K.,2.75,Trinitario,Indonesia
Ritual,"Maranon, Cajamarca",1181,2013,75%,U.S.A.,3.0,Forastero (Nacional),Peru
Wm,"Ghana, 2013, batch 129",1916,2016,75%,U.S.A.,3.75, ,Ghana
Woodblock,"Maranon, Cajamarca",1243,2014,70%,U.S.A.,3.0,Forastero (Nacional),Peru
Szanto Tibor,Cacao Blanco,1193,2013,70%,Hungary,3.25, ,Nicaragua
Robert (aka Chocolaterie Robert),Madagascar,1061,2013,75%,Madagascar,3.25,Trinitario,Madagascar
Maverick,Maya Mountain,1367,2014,70%,U.S.A.,3.25,Trinitario,Belize
Dandelion,Tanzania,654,2011,70%,U.S.A.,3.25, ,Tanzania
Zak's,"Dominican Republic, Batch D2",1578,2015,70%,U.S.A.,3.25, ,Domincan Republic
Original Beans (Felchlin),Papua Kerafat,1438,2014,68%,Switzerland,2.75, ,Papua New Guinea
Frederic Blondeel,Peru Brutus,1538,2015,75%,Belgium,3.5, ,Peru
Hotel Chocolat (Coppeneur),Chuao,600,2010,70%,U.K.,2.75,Trinitario,Venezuela
Shattell,Porcelana,757,2011,75%,Peru,3.5,Criollo,Peru
Hoja Verde (Tulicorp),Manabi,414,2009,80%,Ecuador,2.5,Forastero (Arriba) ASS,Ecuador
Mesocacao,El Salvador,1494,2015,70%,Honduras,3.0, ,El Salvador
C-Amaro,"Lago di Como, Blu",1442,2014,70%,Italy,3.5,Blend, 
L.A. Burdick (Felchlin),Brazil,891,2012,70%,U.S.A.,4.0, ,Brazil
Kah Kow,"Rizek Cacao, Domin. Rep.",1069,2013,82%,Domincan Republic,3.0, ,Dominican Republic
Desbarres,"Kilombero, batch 41",1916,2016,72%,Canada,2.5, ,Tanzania
Indaphoria,"Conacado, Manifesto",907,2012,70%,U.S.A.,2.75, ,Dominican Republic
Coppeneur,"Porcelana, Apotequil",445,2009,62%,Germany,3.25,Criollo,Peru
Friis Holm (Bonnat),"Red Mayan, Xoco",899,2012,70%,Denmark,3.25,"Criollo, Trinitario",Honduras
Soma,La Dalia,1307,2014,70%,Canada,3.25,Trinitario,Nicaragua
Soma,"Chuno, San Jose de Bocay, Pantasma R.,B.S.",1828,2016,70%,Canada,3.75,Trinitario,Nicaragua
TCHO,TCHOPro 68,387,2009,68%,U.S.A.,3.0, , 
Middlebury,"Patanemo, Epoch, Donaldo",1490,2015,75%,U.S.A.,3.75, ,Venezuela
Soma,"Oko Caribe, Duarte P., Collab w Chocosol",1820,2016,62%,Canada,3.5, ,Domincan Republic
Willie's Cacao,San Martin,457,2009,70%,U.K.,3.0, ,Peru
Erithaj (A. Morin),Ham Luong,1209,2014,80%,France,3.0,Trinitario,Vietnam
Valrhona,"Sambirano, Ampamakia 2005, Millot P.",75,2006,64%,France,3.5,Trinitario,Madagascar
Cacao Hunters,Perla Negra,1816,2016,74%,Colombia,3.75, ,Colombia
Zart Pralinen,"Kakao Kamili, Kilombero Valley",1824,2016,85%,Austria,3.0,"Criollo, Trinitario",Tanzania
Friis Holm (Bonnat),"Chuno, Xoco",623,2011,70%,Denmark,3.5,"Criollo, Trinitario",Nicaragua
Indi,Honduras,1255,2014,77%,U.S.A.,3.0, ,Honduras
Hotel Chocolat (Coppeneur),"Island Growers, 96hr c.",623,2011,65%,U.K.,3.25,Trinitario,St. Lucia
Olivia,Carribean-Raw,688,2011,76%,Canada,2.0, ,Carribean
Tejas,"La Bahia, w/ cane juice",817,2012,70%,U.S.A.,3.25, ,Ecuador
Hotel Chocolat (Coppeneur),"Somia Plantation, Akesson, 2012",1065,2013,72%,U.K.,3.0,Trinitario,Madagascar
Green & Black's (ICAM),Dark,15,2006,70%,U.K.,2.5, , 
Scharffen Berger,Finisterra,227,2008,72%,U.S.A.,3.0,Blend,"Ven., Trinidad, Mad."
Mission,"Bahia, Fazenda Venturosa",1626,2015,70%,Brazil,3.5,Forastero (Parazinho),Brazil
Soma,"La Tronca, Matagalpa",1227,2014,70%,Canada,3.5, ,Nicaragua
Mesocacao,Honduras,1347,2014,70%,Honduras,3.5, ,Honduras
La Maison du Chocolat (Valrhona),"Cuana, 2008",230,2008,74%,France,3.5,Blend,"Ven., Indonesia, Ecuad."
Pump Street Bakery,"Akessons Estate, Sambirano, Ambanja",1223,2014,72%,U.K.,3.25,Trinitario,Madagascar
Madre,Upala,693,2011,70%,U.S.A.,2.75, ,Costa Rica
Franceschi,Sur del Lago,915,2012,60%,Venezuela,3.5, ,Venezuela
Hotel Chocolat,"Pepiniere, single Cote",1654,2015,70%,U.K.,2.75, ,St. Lucia
TCHO,West Africa,1716,2016,62%,U.S.A.,2.0,Forastero,West Africa
Blue Bandana,"Akesson's E., Sambirano V.",1740,2016,82%,U.S.A.,3.5,Trinitario,Madagascar
Grenada Chocolate Co.,Grenada,241,2008,71%,Grenada,2.5,Trinitario,Grenada
Kallari (Ecuatoriana),Diego 48hr/ W.F. blend prototype,248,2008,85%,Ecuador,2.75, ,Ecuador
Arete,Chuno,1598,2015,70%,U.S.A.,4.0,"Criollo, Trinitario",Nicaragua
Pralus,Chuao,486,2010,75%,France,3.5,Trinitario,Venezuela
Santander (Compania Nacional),Colombian Semi Dark,32,2006,53%,Colombia,2.0,Forastero (Nacional),Colombia
Amedei,Porcelana,111,2007,70%,Italy,4.0,Criollo (Porcelana),Venezuela
Altus aka Cao Artisan,Peru,1133,2013,60%,U.S.A.,3.25, ,Peru
Valrhona,"Andoa, Grand Cru blend",1145,2013,70%,France,3.5, , 
Willie's Cacao,Los Llanos,1848,2016,70%,U.K.,4.0, ,Colombia
Chocolats Privilege,Xoconusco,1219,2014,70%,Canada,2.5,Criollo,Mexico
Pralus,Claudio Corallo w/ nibs,162,2007,75%,France,4.0,Forastero,Sao Tome
Noir d' Ebine,Ecuador,841,2012,70%,U.S.A.,3.0, ,Ecuador
Arete,Kokoa Kamili,1724,2016,70%,U.S.A.,3.75, ,Tanzania
Nibble,Patanemo,1526,2015,72%,U.S.A.,2.25,Criollo,Venezuela
Spencer,"Madagascar, lot M0403R",1792,2016,70%,Australia,3.75, ,Madagascar
Na�ve,Chuao,1399,2014,75%,Lithuania,2.75,Trinitario,Venezuela
Guittard,Nicaragua,1053,2013,65%,U.S.A.,2.75, ,Nicaragua
Belcolade,Ecuador,586,2010,71%,Belgium,3.5, ,Ecuador
Scharffen Berger,Semisweet,56,2006,62%,U.S.A.,3.0,Blend, 
Olive and Sinclair,Dark 67,457,2009,67%,U.S.A.,2.75, ,"Ghana, Domin. Rep"
Ocelot,Virunga,1558,2015,70%,Scotland,3.75,Forastero,Congo
Zak's,"Belize, Batch 2",1578,2015,70%,U.S.A.,3.5,Trinitario,Belize
Compania de Chocolate (Salgado),Esmeraldas,296,2008,88%,Argentina,2.75,Forastero (Nacional),Ecuador
Carlotta Chocolat,Tumaco,1888,2016,65%,Colombia,3.25,Trinitario,Colombia
Wm,"Wild Beniano, 2016, batch 128, Heirloom",1912,2016,76%,U.S.A.,3.5, ,Bolivia
Mast Brothers,French Laundry 20th Anniversary,1359,2014,75%,U.S.A.,3.75,Blend,"Peru, Belize"
Cacao Prieto,"Dominican Republic, rustic",647,2011,65%,U.S.A.,3.25, ,Dominican Republic
Zart Pralinen,UNOCACE,1824,2016,70%,Austria,2.75,Nacional (Arriba),Ecuador
Chocolate Conspiracy,Peru,1259,2014,74%,U.S.A.,2.75, ,Peru
Goodnow Farms,"El Carmen, batch 1003",1924,2016,77%,U.S.A.,3.25, ,Nicaragua
Maverick,Elvesia,1367,2014,70%,U.S.A.,3.25, ,Dominican Republic
Letterpress,Liberia,1728,2016,70%,U.S.A.,3.25, ,Liberia
Raaka,La Red,785,2011,85%,U.S.A.,3.5, ,Dominican Republic
Szanto Tibor,"Ayacucho, ""El Guinacho""",939,2012,70%,Hungary,3.75, ,Peru
Duffy's,Dominican Republic,661,2011,65%,U.K.,3.5, ,Dominican Republic
Alain Ducasse,Chuao,1061,2013,75%,France,2.5,Trinitario,Venezuela
Soma,Peruvian,676,2011,64%,Canada,4.0, ,Peru
Animas,Alto Beni,1852,2016,75%,U.S.A.,3.5, ,Bolivia
Moho,"Toledo District, w/ nibs",1026,2013,73%,U.S.A.,3.25,Trinitario,Belize
Tejas,San Jose,829,2012,70%,U.S.A.,2.75, ,Bolivia
Levy,Sambirano,1231,2014,71%,Finland,3.5,Criollo,Madagascar
C-Amaro,Dominican Republic,1442,2014,72%,Italy,3.0, ,Dominican Republic
Terroir,Madagascar,1478,2015,70%,U.S.A.,3.75,Trinitario,Madagascar
Marou,"Tan Phu Dong, Treasure Island",1149,2013,75%,Vietnam,3.5,Trinitario,Vietnam
Manufaktura Czekolady,Grand Cru Ecuador,875,2012,70%,Poland,3.25, ,Ecuador
Cacao Sampaka,Venezuela,537,2010,77%,Spain,3.5, ,Venezuela
Choklat,Ocumare,377,2009,70%,Canada,3.0,Criollo,Venezuela
Middlebury,Kokoa Kamili,1538,2015,75%,U.S.A.,3.25, ,Tanzania
Theo,"Venezuela; Barinos, Merida, Tachron",188,2007,91%,U.S.A.,2.0,Blend,Venezuela
Choocsol,"Chiapas, Lacandon Jungle, Oaxacom Mtn",1832,2016,75%,Canada,3.25, ,Mexico
Domori,Granella,135,2007,60%,Italy,3.25,Trinitario,Venezuela
Castronovo,Sierra Nevada,1347,2014,72%,U.S.A.,3.5,"Criollo, Trinitario",Colombia
Hotel Chocolat (Coppeneur),Tanzania,296,2008,75%,U.K.,2.75, ,Tanzania
Vivra,Dominican Republic,1724,2016,70%,U.S.A.,3.0, ,Domincan Republic
Cacao Barry,Venezuela,141,2007,72%,France,2.0, ,Venezuela
Hoja Verde (Tulicorp),Arriba,414,2009,72%,Ecuador,3.0,Forastero (Arriba) ASS,Ecuador
Rozsavolgyi,Principe,765,2011,77%,Hungary,2.75,Forastero,Principe
Rogue,"Caranero, Choc. Garage Exclusive",1446,2015,70%,U.S.A.,3.75, ,Venezuela
Hoja Verde (Tulicorp),Arriba,414,2009,80%,Ecuador,2.0,Forastero (Arriba) ASS,Ecuador
Violet Sky,Cuyagua,1458,2015,77%,U.S.A.,3.0,Criollo,Venezuela
Tablette (aka Vanillabeans),Papua,1450,2015,62%,Japan,3.25, ,Papua New Guinea
Holy Cacao,Hispaniola,431,2009,70%,Israel,2.75, ,Dominican Republic
Grenada Chocolate Co.,Grenada,494,2010,82%,Grenada,3.25,Trinitario,Grenada
Szanto Tibor,Baracoa,1704,2015,88%,Hungary,3.25,Trinitario,Cuba
"Chocolate Tree, The",Maranon,1582,2015,69%,Scotland,3.75,Forastero (Nacional),Peru
Beehive,"Ecuador, Batch 31516",1784,2016,70%,U.S.A.,2.75, ,Ecuador
Dole (Guittard),"O'ahu, N. Shore, Waialua Estate",311,2009,70%,U.S.A.,3.75, ,Hawaii
Middlebury,La Red,1117,2013,75%,U.S.A.,2.5, ,Dominican Republic
Q Chocolate,Brazil,1069,2013,55%,Brazil,2.75, ,Brazil
Fresco,"Jamaica, #209, DR, SC",642,2011,70%,U.S.A.,3.25,Trinitario,Jamaica
Dick Taylor,Mantuano,682,2011,75%,U.S.A.,2.75,Criollo,Venezuela
Pacari,Los Rios,224,2008,72%,Ecuador,3.0,Forastero (Arriba),Ecuador
"Smooth Chocolator, The",Camino Verde,1622,2015,72%,Australia,4.0, ,Ecuador
Marigold's Finest,Cacao Nib Crunch,1808,2016,75%,Canada,3.25, , 
Hogarth,Gran Blanco,1712,2016,66%,New Zealand,3.5,Criollo,Peru
Fresco,"Jamaica, #205, DR, MC",370,2009,70%,U.S.A.,3.25,Trinitario,Jamaica
Tocoti,"Wild Bolivian, Jungle Love",927,2012,77%,U.S.A.,3.0,Criollo,Bolivia
Zotter,"Satipo Pangoa region, 20hr conche",875,2012,70%,Austria,3.5,Criollo (Amarru),Peru
Timo A. Meyer,"Belize, med roast",1836,2016,72%,Germany,3.75,"Trinitario, TCGA",Belize
Cacao de Origen,"Chuao, Aragua region",1391,2014,75%,Venezuela,3.5,Trinitario,Venezuela
Meadowlands,"Nicaragua, w/ inbs",1291,2014,70%,U.S.A.,3.0, ,Nicaragua
Spencer,Peru,1932,2017,70%,U.S.A.,2.75, ,Peru
Guittard,Lever du Soleil,654,2011,61%,U.S.A.,3.25, , 
Pierre Marcolini,"Baracoa, Cuba",516,2010,78%,Belgium,3.75,"Criollo, Forastero",Cuba
Sirene,"Somia Plantation, 2012",1339,2014,67%,Canada,3.75,Trinitario,Madagascar
Mindo,Ecuador,607,2010,67%,U.S.A.,2.75, ,Ecuador
twenty-four blackbirds,Madagascar,1235,2014,75%,U.S.A.,3.5,Trinitario,Madagascar
C-Amaro,Ecuador,1185,2013,100%,Italy,3.5, ,Ecuador
Dandelion,"Camino Verde P., Balao, Guayas, 2013",1295,2014,70%,U.S.A.,3.5, ,Ecuador
Q Chocolate,Brazil,935,2012,60%,Brazil,3.0, ,Brazil
Rogue,Piura,565,2010,75%,U.S.A.,3.75, ,Peru
Kallari (Ecuatoriana),Diego 60hr/ W.F. blend prototype,248,2008,85%,Ecuador,3.0, ,Ecuador
Domori,Blend No. 1,272,2008,78%,Italy,3.5,Blend, 
Michel Cluizel,Los Ancones P.,24,2006,67%,France,4.0, ,Dominican Republic
Cacao Atlanta,Patanemo,600,2010,75%,U.S.A.,2.25, ,Venezuela
Republica del Cacao (aka Confecta),El Oro,147,2007,67%,Ecuador,3.5,Forastero (Arriba),Ecuador
L.A. Burdick (Felchlin),Dominican Republic,576,2010,74%,U.S.A.,3.75, ,Dominican Republic
Batch,Ecuador,1880,2016,65%,U.S.A.,3.25, ,Ecuador
Michel Cluizel,Maralumi P.,24,2006,64%,France,4.0, ,Papua New Guinea
Fossa,"Akesson's E., Sambirano V.",1772,2016,70%,Singapore,2.75, ,Madagascar
TCHO,Nutty-beta,284,2008,70%,U.S.A.,2.5, ,Peru
Domori,Ocumare 77,1672,2015,70%,Italy,3.75,Criollo (Ocumare 77),Venezuela
De Villiers,"Sambirano Valley, batch 2477",1832,2016,70%,South Africa,3.0, ,Madagascar
Cacao Sampaka,Madagascar,508,2010,71%,Spain,3.5,Trinitario,Madagascar
Green Bean to Bar,Madagascar,1896,2016,70%,Japan,3.5, ,Madagascar
Amatller (Simon Coll),Ghana,322,2009,70%,Spain,3.0,Forastero,Ghana
Duffy's,"Corazon del Ecuador, Calceta beans",516,2010,72%,U.K.,3.75, ,Ecuador
Pralus,"Caracas, Venezuela and Ghana",99,2006,75%,France,3.0,"Trinitario, Forastero","Venezuela, Ghana"
Bonnat,Equateur,123,2007,75%,France,2.5,Forastero (Arriba),Ecuador
Pierre Marcolini,Chuao,478,2010,75%,Belgium,3.0,Criollo,Venezuela
Malagasy (Chocolaterie Robert),Sambirano 2006,184,2007,75%,Madagascar,2.75,Trinitario,Madagascar
Vao Vao (Chocolaterie Robert),Madagascar,404,2009,64%,Madagascar,3.25,Trinitario,Madagascar
Ethel's Artisan (Mars),Red Vanilla,666,2011,62%,U.S.A.,2.75, , 
Rogue,"Hispaniola, 2008",213,2008,70%,U.S.A.,2.75, ,Dominican Republic
Ritual,"Camino Verde P., Balao, Guayas, 2014",1466,2015,85%,U.S.A.,3.5, ,Ecuador
Shark Mountain,ROIG,1466,2015,74%,U.S.A.,3.5,"Criollo, Trinitario",Dominican Republic
Sirene,"Esmeraldas, Salazar Farm",1860,2016,73%,Canada,3.75, ,Ecuador
Marsatta,Dominican Republic,1189,2013,74%,U.S.A.,2.25, ,Dominican Republic
Chocolarder,Peru + nibs,1482,2015,65%,U.K.,2.75,Criollo,Peru
Scharffen Berger,Asante,336,2009,65%,U.S.A.,4.0,Forastero,Ghana
Dormouse,"Madagascar, Batch 8",1676,2015,77%,U.K.,2.75,"Criollo, Trinitario",Madagascar
Omanhene,Ghana,693,2011,80%,Ghana,2.75,Forastero,Ghana
Two Ravens,Peru,1740,2016,60%,U.S.A.,3.0,Criollo,Peru
Benoit Nihant,Chuao,1141,2013,74%,Belgium,3.5,Criollo,Venezuela
Heilemann,Peru,1876,2016,64%,Germany,2.75, ,Peru
Santander (Compania Nacional),Colombian w/ nibs,414,2009,70%,Colombia,3.0,Forastero (Nacional),Colombia
Tejas,Concepcion,801,2012,70%,U.S.A.,2.75, ,Madagascar
Soul,Venezuela,1936,2017,75%,Canada,3.5, ,Venezuela
Neuhaus (Callebaut),Sao Tome,15,2006,75%,Belgium,2.75,Forastero,Sao Tome
Guittard,Coucher du Soleil,654,2011,72%,U.S.A.,2.75, , 
Salgado,Esmeraldas,288,2008,70%,Argentina,3.5,Forastero (Nacional),Ecuador
Eclat (Felchlin),"Maranon, Good & Evil, w/ nibs",919,2012,72%,U.S.A.,2.75,Forastero (Nacional),Peru
Chocovivo,Tabasco,1522,2015,65%,U.S.A.,2.5,Trinitario,Mexico
Soma,"Elvesia P., Black Science",682,2011,70%,Canada,3.75,Forastero,Dominican Republic
Pralus,"Porcelana, S. of Lake Maracaibo",717,2011,75%,France,3.25,Criollo (Porcelana),Venezuela
Daintree,Goodman Estate,1654,2015,70%,Australia,2.75, ,Australia
Domori,Carenero Superior,87,2006,70%,Italy,3.5,Trinitario,Venezuela
Terroir,Madagascar,1323,2014,67%,U.S.A.,3.75,Trinitario,Madagascar
Michel Cluizel,Carre Amer,24,2006,60%,France,2.0, , 
Videri,Dark,1117,2013,90%,U.S.A.,3.75, ,Central and S. America
Brasstown aka It's Chocolate,"Chuao, Mantuano blend",1129,2013,85%,U.S.A.,3.5,Trinitario,Venezuela
"Smooth Chocolator, The","Guasare, La Sierra de Perija, batch gua001",1740,2016,70%,Australia,3.75,Criollo,Venezuela
French Broad,"Palo Blanco, Chulucanas",883,2012,61%,U.S.A.,3.5, ,Peru
Hummingbird,Lam Dong,1542,2015,70%,Canada,3.5,Trinitario,Vietnam
Map Chocolate,"San Juan Estate, Cherry Blossoms at Night",1606,2015,70%,U.S.A.,2.75,Trinitario,Trinidad
Montecristi,Manabi,1654,2015,70%,Ecuador,3.25, ,Ecuador
Hachez,Arriba,166,2007,77%,Germany,2.5,Forastero (Arriba),Ecuador
Bonnat,Selva Maya,1912,2016,75%,France,3.5, ,Mexico
Sublime Origins,Sambirano,1157,2013,67%,U.S.A.,2.75,Trinitario,Madagascar
Lillie Belle,Perfect Illusion,855,2012,65%,U.S.A.,3.5,Criollo,Peru
Letterpress,"San Juan Estate, Gran Couva",1562,2015,70%,U.S.A.,3.5,Trinitario,Trinidad
Pump Street Bakery,"Akesson's, batch 4411",1530,2015,74%,U.K.,3.5,Criollo,Madagascar
La Maison du Chocolat (Valrhona),Grenada,741,2011,68%,France,3.5,Trinitario,Grenada
Pralus,Tanzania,105,2006,75%,France,3.5,Criollo,Tanzania
Adi,Vanua Levu,705,2011,88%,Fiji,3.5,Trinitario,Fiji
Raoul Boulanger,Piura,1872,2016,75%,France,3.25,Criollo,Peru
Soma,Crazy 88,1077,2013,88%,Canada,4.0, ,"Guat., D.R., Peru, Mad., PNG"
Bonnat,Ceylan,81,2006,75%,France,3.0, ,Sri Lanka
Beau Cacao,"Serian E., NW Borneo, b. #134/3800",1948,2017,72%,U.K.,3.25, ,Malaysia
Valrhona,"Porcelana, Maracaibo, Palmira P. 2006",162,2007,64%,France,3.25,Criollo (Porcelana),Venezuela
Valrhona,Gran Couva 2005 P.,75,2006,64%,France,2.5,Trinitario,Trinidad
Ambrosia,Belize,1494,2015,64%,Canada,3.0,Trinitario,Belize
Violet Sky,Sambirano Valley,1458,2015,77%,U.S.A.,2.75,Trinitario,Madagascar
Obolo,Pangoa,1638,2015,70%,Chile,3.75,Criollo,Peru
Luker,Misterio,552,2010,58%,Colombia,3.0, ,"Colombia, Ecuador"
Tejas,San Jose,971,2012,67%,U.S.A.,3.25, ,Bolivia
Chchukululu (Tulicorp),Los Rios,252,2008,75%,Ecuador,3.0,Forastero (Arriba),Ecuador
Castronovo,"Guaniamo, Amazonas",1105,2013,70%,U.S.A.,3.25, ,Venezuela
Heirloom Cacao Preservation (Guittard),"Alto Beni, Upper Rio Beni, 2014",1239,2014,67%,U.S.A.,3.5,"Amazon, ICS",Bolivia
Manufaktura Czekolady,Grand Cru Ghana,871,2012,70%,Poland,3.5,Forastero,Ghana
Beschle (Felchlin),Madagascar,636,2011,64%,Switzerland,3.0,Trinitario,Madagascar
Loiza,Puerto Rico,1049,2013,65%,Puerto Rico,2.5, ,Puerto Rico
Kto,Belize,1426,2014,90%,U.S.A.,3.25,Trinitario,Belize
Danta,Chuao,987,2012,75%,Guatemala,3.0,Trinitario,Venezuela
Pinellas,Wampusirpi Region,1772,2016,80%,U.S.A.,2.5, ,Honduras
Soul,Dominican Republic,1932,2017,70%,Canada,3.25, ,Dominican Republic
Olive and Sinclair,Dominican Republic prototype,486,2010,72%,U.S.A.,3.0, ,Dominican Republic
TCHO,TCHOPro 60.5,387,2009,60%,U.S.A.,2.75, , 
Somerville,Nicaragua,1367,2014,70%,U.S.A.,3.25, ,Nicaragua
Habitual,Campesino w/ nibs,1197,2014,74%,Canada,2.75, , 
Chocovic,Ocumare,209,2008,71%,Spain,3.5,Criollo,Venezuela
Valrhona,"Porcelana, Maracaibo, Palmira P. 2005",75,2006,64%,France,3.0,Criollo (Porcelana),Venezuela
Marou,"Tan Phu Dong Island, Heart of Darkness",1650,2015,85%,Vietnam,3.25,Trinitario,Vietnam
Violet Sky,Peru,1458,2015,77%,U.S.A.,3.25,"Criollo, Trinitario",Peru
Askinosie,"Tenende, Uwate",647,2011,72%,U.S.A.,3.75,Trinitario,Tanzania
Askinosie,San Jose del Tambo,175,2007,70%,U.S.A.,3.0,Forastero (Arriba),Ecuador
Indah,India (south),1788,2016,61%,India,2.5, ,India
Cravve,Vanuatu,975,2012,64%,Australia,3.25,Trinitario,Vanuatu
Mars,"Matina 1-6, prototype",537,2010,65%,U.S.A.,3.0, ,Costa Rica
Chchukululu (Tulicorp),Arriba,486,2010,55%,Ecuador,2.75,Forastero (Arriba),Ecuador
Bonnat,"Maracaibo, El Rosario",48,2006,75%,France,4.0,Criollo,Venezuela
Guittard,Semisweet,99,2006,61%,U.S.A.,3.0,Blend, 
Madre,Guadalcanal,1940,2017,73%,U.S.A.,3.5, ,Solomon Islands
Hotel Chocolat,"Marcial, single Cote, 2012",1030,2013,70%,U.K.,4.0,Trinitario,St. Lucia
Castronovo,Guaniamo,1153,2013,72%,U.S.A.,3.0, ,Venezuela
Blue Bandana,Zorzal Reserva,1756,2016,75%,U.S.A.,3.0, ,Dominican Republic
A. Morin,Puerto Cabello,1319,2014,70%,France,3.75,Criollo,Venezuela
Altus aka Cao Artisan,Bolivia,1129,2013,80%,U.S.A.,3.25, ,Bolivia
Altus aka Cao Artisan,Villa Andina,1732,2016,60%,U.S.A.,2.5, ,Peru
Amedei,Toscano Black,170,2007,63%,Italy,3.5,Blend, 
Caribeans,"Antigua, Special Reserve",1582,2015,72%,Costa Rica,3.5, ,Guatemala
Laia aka Chat-Noir,"Vietnam, Batch 50/100",1590,2015,75%,France,2.75,Trinitario,Vietnam
Brasstown aka It's Chocolate,Chuao,1355,2014,70%,U.S.A.,4.0,Trinitario,Venezuela
A. Morin,Colombie,1015,2013,70%,France,2.75, ,Colombia
Arete,Hacienda Victoria,1904,2016,70%,U.S.A.,3.25, ,Ecuador
Raaka,Madagascar,959,2012,75%,U.S.A.,3.25,Trinitario,Madagascar
Just Good Chocolate,Belize,1375,2014,70%,U.S.A.,3.5,Trinitario,Belize
Hotel Chocolat (Coppeneur),"Los Rios, H. Iara, 2012, 120hr c.",1113,2013,100%,U.K.,2.5,Forastero (Nacional),Ecuador
Valrhona,Le Noir Extra Amer,147,2007,85%,France,1.5, , 
Habitual,Amazonas,1201,2014,80%,Canada,3.0, , 
Domori,Porcelana,111,2007,70%,Italy,4.0,Criollo (Porcelana),Venezuela
Videri,Dominican Republic,1211,2014,90%,U.S.A.,3.25, ,Dominican Republic
Valrhona,"Otucan, Grand Cru",931,2012,69%,France,4.0, ,Venezuela
Olive and Sinclair,Ghana prototype,486,2010,72%,U.S.A.,3.0,Forastero,Ghana
hexx,Ecuador,1550,2015,73%,U.S.A.,3.25, ,Ecuador
Parliament,"Lachua, Q'egchi families",1542,2015,70%,U.S.A.,3.5, ,Guatemala
Friis Holm (Bonnat),"Nicaliso, Xoco",623,2011,70%,Denmark,3.5,"Criollo, Trinitario",Nicaragua
Cravve,"Tanzania, batch a1",971,2012,75%,Australia,3.25,Forastero,Tanzania
"Smooth Chocolator, The",San Juan Estate,1622,2015,70%,Australia,3.75,Trinitario,Trinidad
Valrhona,"Piura, Illanka, Quemazon",1510,2015,63%,France,4.0, ,Peru
Shark Mountain,Papua New Guinea,1450,2015,73%,U.S.A.,3.5,Forastero,Papua New Guinea
Dick Taylor,"Alto Beni, Wild Harvest, Limited Ed.",1634,2015,70%,U.S.A.,3.75, ,Bolivia
Claudio Corallo,Principe,252,2008,100%,Sao Tome,1.0,Forastero,Sao Tome & Principe
Scharffen Berger,Tome Acu,336,2009,68%,U.S.A.,3.75, ,Brazil
Millcreek Cacao Roasters,Ecuador,1073,2013,70%,U.S.A.,2.5,Forastero (Nacional),Ecuador
Szanto Tibor,Millot Plantation,939,2012,70%,Hungary,3.25, ,Madagascar
Cacao Prieto,"Criollo, Dominican Republic",991,2012,72%,U.S.A.,3.75,Criollo,Dominican Republic
French Broad,"Maranon Canyon, Fortunato No. 4",781,2011,70%,U.S.A.,3.5,Forastero (Nacional),Peru
Beehive,Ecuador,1788,2016,90%,U.S.A.,2.75, ,Ecuador
Arete,Fazenda Camboa,1534,2015,70%,U.S.A.,3.5, ,Brazil
Aequare (Gianduja),"Los Rios, Quevedo, Arriba",370,2009,55%,Ecuador,2.75,Forastero (Arriba),Ecuador
Escazu,Rio Caribe,903,2012,70%,U.S.A.,2.75,Trinitario,Venezuela
Vivra,Ocumare,1720,2016,70%,U.S.A.,2.5, ,Venezuela
Noble Bean aka Jerjobo,Maranon Canyon,1299,2014,75%,U.S.A.,3.25,Forastero (Nacional),Peru
Mars,"Ghana, prototype",544,2010,65%,U.S.A.,3.5,Forastero,Ghana
Vietcacao (A. Morin),"Ben Tre, Mekong Delta, MoCay",951,2012,70%,France,3.5,Trinitario,Vietnam
Summerbird,Peru,1800,2016,61%,Denmark,2.5,"Criollo, Trinitario",Peru
Upchurch,"Tanzania, Party Bar",1752,2016,72%,U.S.A.,3.25, ,Tanzania
Blue Bandana,Kokoa Kamili,1752,2016,75%,U.S.A.,3.5, ,Tanzania
Soma,"Bahia Black, batch bra50722.1",1828,2016,70%,Canada,3.5,Forastero (Parazinho),Brazil
Hoja Verde (Tulicorp),Manabi,414,2009,58%,Ecuador,3.5,Forastero (Arriba) ASS,Ecuador
Soma,"Alto Beni, Wild Bolivian",676,2011,70%,Canada,3.5,Nacional,Bolivia
Tabal,"Chiapas, Lacandon Jungle",1105,2013,70%,U.S.A.,2.5, ,Mexico
Kah Kow,"Rizek Cacao, Domin. Rep.",1073,2013,62%,Domincan Republic,3.25, ,Dominican Republic
Cemoi,Equateur,404,2009,72%,France,2.75, ,Ecuador
Arete,Matasawalevu,1928,2016,70%,U.S.A.,3.25, ,Fiji
Soma,Orinoco,1173,2013,70%,Canada,3.25,Forastero,Venezuela
Pierre Marcolini,"Bahia Brazil, Fazenda Sao Pedro",414,2009,72%,Belgium,3.0,Forastero,Brazil
Marou,Dong Nai,845,2012,72%,Vietnam,3.5,Trinitario,Vietnam
Damson,Los Rios,1610,2015,70%,U.K.,3.5, ,Ecuador
A. Morin,Bolivia,797,2012,70%,France,3.5, ,Bolivia
Beehive,"Dominican Republic, Batch 31616",1784,2016,70%,U.S.A.,2.75, ,Domincan Republic
A. Morin,Papua New Guinea,1015,2013,70%,France,3.25, ,Papua New Guinea
Amatller (Simon Coll),Ecuador,327,2009,70%,Spain,2.75, ,Ecuador
Artisan du Chocolat,Panama,745,2011,72%,U.K.,2.75, ,Panama
Pierre Marcolini,"Porcelana, Tabasco, Finca La Joya",445,2009,72%,Belgium,3.0,Criollo,Mexico
Undone,Matagalpa,1438,2014,74%,U.S.A.,2.75, ,Nicaragua
Emerald Estate,Emerald Estate,1137,2013,60%,St. Lucia,2.75, ,St. Lucia
Mesocacao,"La Tronca, Matagalpa",1351,2014,80%,Honduras,3.5, ,Nicaragua
Szanto Tibor,"Autumn, Primary Harvest, 2012",1185,2013,70%,Hungary,3.5,Criollo,Madagascar
Bahen & Co.,Papua New Guinea,1474,2015,70%,Australia,3.5, ,Papua New Guinea
Castronovo,Bolivia,1101,2013,70%,U.S.A.,3.0,Trinitario,Bolivia
Habitual,Downtown London,1201,2014,65%,Canada,2.75, , 
Dormouse,Non Pariel Estate,1880,2016,75%,U.K.,2.75,Trinitario,Grenada
Metiisto,Akesson Estate,1267,2014,72%,Sweden,3.5,Trinitario,Madagascar
Soma,"Camino Verde, Black S., batch cvu6030.0",1832,2016,70%,Canada,3.25, ,Ecuador
Soma,Maranon Canyon,1259,2014,70%,Canada,3.75,Forastero (Nacional),Peru
Zotter,Peru,647,2011,70%,Austria,3.75, ,Peru
Compania de Chocolate (Salgado),Ocumare,292,2008,70%,Argentina,3.75,Criollo,Venezuela
Chocovic,"Bolivar, Guaranda",117,2007,71%,Spain,2.5,Forastero (Arriba),Ecuador
Wilkie's Organic,Amazonas,1169,2013,75%,Ireland,2.5,Criollo,Peru
Theobroma,"Piura Select, Cacao Blanc",1684,2015,70%,Japan,3.25, ,Peru
Pitch Dark,Rugoso,1510,2015,80%,U.S.A.,3.25, ,Nicaragua
Soma,"Abstract S. w/ Jamaica nibs,batch abs60323.0",1828,2016,75%,Canada,3.75, ,"Ven.,Ecu.,Peru,Nic."
Chocolarder,Dominican Republic,1514,2015,80%,U.K.,2.5, ,Dominican Republic
Domori,Ilblend,272,2008,70%,Italy,3.75,Blend, 
Habitual,Trinitario,1197,2014,70%,Canada,3.5,Trinitario, 
Amano,Madagascar,129,2007,70%,U.S.A.,3.5,Trinitario,Madagascar
Dick Taylor,La Red,769,2011,74%,U.S.A.,3.0, ,Dominican Republic
Dulcinea,Dominican Republic,1506,2015,70%,U.S.A.,3.25, ,Dominican Republic
Captain Pembleton,Kulili Estate,1263,2014,70%,New Zealand,3.75, ,Papua New Guinea
Pitch Dark,Namau Village,1315,2014,73%,U.S.A.,2.5,Trinitario,Fiji
Forever Cacao,Rio Eni,1267,2014,72%,U.K.,2.75,Criollo,Peru
Mutari,"Kokoa Kamili, batch 1 SRB",1896,2016,68%,U.S.A.,2.75, ,Tanzania
Ara,Trincheras,1379,2014,75%,France,3.0, ,Venezuela
K'ul,"Maranon, Fortunato No. 4",1852,2016,70%,U.S.A.,2.75,Forastero (Nacional),Peru
Enric Rovira (Claudio Corallo),Terreiro Velho P.,565,2010,80%,Spain,3.25,Forastero,Sao Tome & Principe
Sibu Sura,Peru,911,2012,70%,U.S.A.,2.5, ,Peru
Ranger,"San Martin, Batch 2",1558,2015,70%,U.S.A.,2.5, ,Peru
Pump Street Bakery,Honduras,1688,2015,80%,U.K.,2.75, ,Honduras
Momotombo,Mombacho,661,2011,70%,Nicaragua,2.75, ,Nicaragua
Mesocacao,Honduras,1347,2014,80%,Honduras,3.25, ,Honduras
Starchild,Hispaniola,1692,2015,70%,U.S.A.,3.0, ,Domincan Republic
Neuhaus (Callebaut),Ocumare,24,2006,71%,Belgium,3.0,Criollo,Venezuela
Wellington Chocolate Factory,"Piura Blanco, Norandino",1756,2016,70%,New Zealand,3.5, ,Peru
Bahen & Co.,Houseblend,999,2012,70%,Australia,2.5,Blend, 
La Pepa de Oro,Vinces,713,2011,60%,Ecuador,3.25, ,Ecuador
Fresco,"Sambirano Valley, #216, MR, LC",915,2012,74%,U.S.A.,4.0,Trinitario,Madagascar
Fresco,"Markham Valley, #221, DR, MC",899,2012,69%,U.S.A.,3.5, ,Papua New Guinea
Chocolate Con Amor,Ocumare,1764,2016,80%,U.S.A.,3.0,Criollo (Ocumare),Venezuela
L.A. Burdick (Felchlin),Grenada,576,2010,75%,U.S.A.,3.25,Trinitario,Grenada
Guido Castagna,Ghana,355,2009,64%,Italy,3.0,Forastero,Ghana
Bittersweet Origins,Puerto Plata,414,2009,75%,U.S.A.,3.0, ,Dominican Republic
"Chocolate Tree, The",Madagascar,919,2012,72%,Scotland,3.25,Criollo,Madagascar
Brazen,"Alta Verapaz, 2014",1514,2015,70%,U.S.A.,3.5, ,Guatemala
Ah Cacao,Tabasco,316,2009,70%,Mexico,3.0,Criollo,Mexico
Grand Place,"Ben Tre, Dong Nai",741,2011,72%,Vietnam,3.0,Trinitario,Vietnam
Ambrosia,Peru,1498,2015,68%,Canada,3.5, ,Peru
Middlebury,Belize,1117,2013,80%,U.S.A.,3.25,Trinitario,Belize
Pacari,Manabi,224,2008,65%,Ecuador,2.75,Forastero (Arriba),Ecuador
Soma,Madagascar,387,2009,70%,Canada,3.75,Criollo,Madagascar
Terroir,Ecuador,1482,2015,70%,U.S.A.,3.25, ,Ecuador
Finca,Dominican Republic,1287,2014,85%,U.S.A.,2.5, ,Dominican Republic
Night Owl,Ecuador,1022,2013,75%,U.S.A.,3.5, ,Ecuador
C-Amaro,Cuba,1442,2014,75%,Italy,2.5, ,Cuba
Laia aka Chat-Noir,"Cuba, Batch 59/100",1590,2015,75%,France,3.0, ,Cuba
Ocho,Sang Yum Coop,1760,2016,100%,New Zealand,2.75, ,Samoa
Cacao Sampaka,"Mahali, Kasai",1908,2016,70%,Spain,3.5,Criollo,Congo
Cacao Arabuco,Puerto Rico,1606,2015,70%,Puerto Rico,2.5, ,Puerto Rico
Guittard,"Sambirano, Ambanja",87,2006,65%,U.S.A.,3.5,"Criollo, +",Madagascar
Tablette (aka Vanillabeans),Vietnam,1450,2015,60%,Japan,3.25,Trinitario,Vietnam
Chocola'te,Madagascar,647,2011,70%,U.S.A.,3.75,Trinitario,Madagascar
Videri,Classic,991,2012,70%,U.S.A.,3.25, ,Central and S. America
Just Good Chocolate,Peru,1375,2014,70%,U.S.A.,4.0, ,Peru
Beschle (Felchlin),"Java, Grand Cru",508,2010,64%,Switzerland,3.5, ,Indonesia
Doble & Bignall,Johe,1407,2014,72%,U.K.,3.5,"Criollo, Trinitario",Nicaragua
Tejas,Capistrano,821,2012,70%,U.S.A.,2.0, ,Peru
Doble & Bignall,Puerto Cabello,1688,2015,85%,U.K.,3.0, ,Venezuela
Undone,Nourish,1438,2014,70%,U.S.A.,3.0, ,Dominican Republic
Vanleer (Barry Callebaut),Napa,963,2012,65%,U.S.A.,2.75,Forastero,Ghana
Lajedo do Ouro,Catongo,927,2012,70%,Brazil,3.5,Forastero (Catongo),Brazil
Fresco,"Carenero Superior, #203, MR, SC",370,2009,65%,U.S.A.,3.5,Criollo,Venezuela
Lonohana,"Opaeula Estate, O'ahu, Ele'ele",1097,2013,72%,U.S.A.,3.0, ,Hawaii
Soul,Ecuador,1936,2017,75%,Canada,3.25, ,Ecuador
Soma,"Tien Giang, Black S., batch VIT60420.0",1828,2016,70%,Canada,4.0,Trinitario,Vietnam
Carlotta Chocolat,Cordoba,1888,2016,65%,Colombia,3.25,Trinitario,Colombia
Artisan du Chocolat,Haiti,729,2011,72%,U.K.,4.0, ,Haiti
Potomac,"Oko Caribe, Duarte Province, 2016 H.",1820,2016,70%,U.S.A.,3.75, ,Domincan Republic
Mayacama,Hispaniola,1728,2016,72%,U.S.A.,3.0, ,Domincan Republic
K'ul,"Los Rios, Hacienda Limon, Heirloom",1852,2016,70%,U.S.A.,3.75, ,Ecuador
Na�ve,Nicaragua,1379,2014,70%,Lithuania,3.25,Criollo,Nicaragua
Letterpress,"La Red, Guaconejo",1566,2015,70%,U.S.A.,3.25, ,Domincan Republic
El Rey,San Joaquin,1662,2015,70%,Venezuela,3.75, ,Venezuela
Dandelion,"Elvesia, 2011",915,2012,70%,U.S.A.,3.75, ,Dominican Republic
TCHO,Fruity-beta,280,2008,70%,U.S.A.,2.5, ,Peru
Pacari,Montubia,1415,2014,70%,Ecuador,3.75, ,Ecuador
Mast Brothers,Guatemala,1450,2015,76%,U.S.A.,3.0, ,Guatemala
Menakao (aka Cinagra),Madagascar,837,2012,80%,Madagascar,2.5,Trinitario,Madagascar
Original Hawaiin Chocolate Factory,"Hawai'i, Kona Grand Cru E.",316,2009,60%,U.S.A.,3.0,Criollo,Hawaii
Laia aka Chat-Noir,"Madagascar, Batch 59/100",1590,2015,75%,France,2.75,Trinitario,Madagascar
Caribeans,"Talamanca, Raul-Kekoldo community",1586,2015,72%,Costa Rica,3.25, ,Costa Rica
La Maison du Chocolat (Valrhona),Kuruba,439,2009,60%,France,3.0, , 
Spencer,Ecuador,1932,2017,70%,U.S.A.,3.5, ,Ecuador
Callebaut,Grenade,296,2008,60%,Belgium,2.75,Trinitario,Grenada
El Ceibo,Alto Beni,252,2008,71%,Bolivia,2.75, ,Bolivia
Bar Au Chocolat,Maranon Canyon,1295,2014,70%,U.S.A.,4.0,Forastero (Nacional),Peru
Laia aka Chat-Noir,"Bahia, Batch 148",1642,2015,75%,France,3.25, ,Brazil
Republica del Cacao (aka Confecta),Los Rios,170,2007,75%,Ecuador,3.75,Forastero (Arriba),Ecuador
Zak's,"Papua New Guinea, Batch 2",1574,2015,70%,U.S.A.,3.0, ,Papua New Guinea
French Broad,"Palo Blanco, Chulucanas",1042,2013,66%,U.S.A.,3.5, ,Peru
Somerville,"Hawaiian, Big Island",1395,2014,70%,U.S.A.,3.5, ,Hawaii
Akesson's (Pralus),"Monte Alegre, D. Badero",508,2010,75%,Switzerland,2.75,Forastero,Brazil
Luker,Selva,552,2010,46%,Colombia,2.75, ,"Colombia, Ecuador"
Michel Cluizel,Mangaro P.,24,2006,65%,France,4.0,Trinitario,Madagascar
Chocolate Con Amor,Wild Bolivian,1760,2016,70%,U.S.A.,2.5, ,Bolivia
Compania de Chocolate (Salgado),Carenero Superior,292,2008,80%,Argentina,2.75,Trinitario,Venezuela
Beschle (Felchlin),Maracaibo,636,2011,88%,Switzerland,3.0,Criollo,Venezuela
Kto,Belize,1422,2014,72%,U.S.A.,3.0,Trinitario,Belize
Manoa,"Oahu, Winward, #151, Maunawili district",1007,2012,72%,U.S.A.,3.25, ,Hawaii
French Broad,Matagalpa,1295,2014,68%,U.S.A.,3.25, ,Nicaragua
Laia aka Chat-Noir,"Sao Tome, Batch 151",1638,2015,75%,France,3.5,Forastero,Sao Tome
Hotel Chocolat (Coppeneur),Mekong Delta & Dong Nai,1038,2013,80%,U.K.,3.5,Trinitario,Vietnam
Brasstown aka It's Chocolate,Conacado,1462,2015,68%,U.S.A.,3.75, ,Dominican Republic
Cacao de Origen,Rio Caribe,1692,2015,75%,Venezuela,3.25,Trinitario,Venezuela
Fresco,"Ghana, #211, MR, MC",636,2011,74%,U.S.A.,2.75,Forastero,Ghana
Honest,"Ecuador, w/ nibs",1327,2014,72%,South Africa,2.5, ,Ecuador
iQ Chocolate,"Satipo region, white label",943,2012,72%,Scotland,2.75,Criollo,Peru
Dick Taylor,Lanquin Estate,1952,2017,70%,U.S.A.,3.75, ,Guatemala
Map Chocolate,Colombia,1610,2015,75%,U.S.A.,2.75, ,Colombia
Kyya,Hispaniola,1359,2014,72.5%,U.S.A.,3.0, ,Dominican Republic
Altus aka Cao Artisan,Conacado,1125,2013,60%,U.S.A.,3.0,Trinitario,Dominican Republic
Kallari (Ecuatoriana),Cacao Nacional W.F.,269,2008,85%,Ecuador,3.0, ,Ecuador
Ethereal,Dominican Republic,1275,2014,80%,U.S.A.,3.75, ,Dominican Republic
Sirene,Pisa,1650,2015,73%,Canada,3.25, ,Haiti
Olivia,Carribean-Raw,688,2011,85%,Canada,3.0, ,Carribean
Confluence,"Tien Giang, 2015, batch 10-2-16",1916,2016,78%,U.S.A.,2.75,Trinitario,Vietnam
Nova Monda,"La Dalia, Matagalpa,cacao Bisesto,green label",935,2012,75%,Niacragua,2.75, ,Nicaragua
Valrhona,Le Noir Amer,157,2007,71%,France,2.75,Forastero,West Africa
Omnom,Madagascar,1247,2014,66%,Iceland,3.5,Trinitario,Madagascar
Belcolade,Peru,586,2010,64%,Belgium,2.75, ,Peru
Cacaoyere (Ecuatoriana),Esmeraldas,237,2008,71%,Ecuador,3.5,Forastero (Arriba),Ecuador
Zotter,"Indianer, Raw",883,2012,58%,Austria,3.5, , 
Bisou,Belize,1486,2015,86%,U.S.A.,3.25,Trinitario,Belize
Chocolate Con Amor,Dominican Republic,1764,2016,60%,U.S.A.,3.0, ,Dominican Republic
Domori,Madagared,192,2007,70%,Italy,3.5,Criollo,Madagascar
Taza,Chiapan,451,2009,75%,U.S.A.,2.75, ,Mexico
Georgia Ramon,Conacado Coop,1646,2015,80%,Germany,3.5,Trinitario,Domincan Republic
Bonnat,Haiti,629,2011,75%,France,4.0, ,Haiti
Lillie Belle,La Selva,903,2012,68%,U.S.A.,3.75, ,Peru
Wellington Chocolate Factory,Conacado,1756,2016,70%,New Zealand,3.5,Trinitario,Dominican Republic
Fresco,"Conacado, #223, MR, SC",1030,2013,72%,U.S.A.,3.25, ,Dominican Republic
"Smooth Chocolator, The","Chimelb, Lanquin, Alta Verapaz, b-GUA001",1908,2016,70%,Australia,3.25, ,Guatemala
Vintage Plantations (Tulicorp),"Los Rios, Rancho Grande 2007",153,2007,65%,U.S.A.,3.0,Forastero (Arriba),Ecuador
Raw Cocoa,Raw,867,2012,70%,Poland,2.5,Criollo, 
hello cocoa,Venezuela,1462,2015,74%,U.S.A.,3.5,Criollo,Venezuela
Belcolade,Costa Rica,586,2010,64%,Belgium,2.75, ,Costa Rica
Hotel Chocolat (Coppeneur),Ecuador,552,2010,70%,U.K.,2.75, ,Ecuador
Artisan du Chocolat,Brazil Rio Doce,363,2009,72%,U.K.,1.75, ,Brazil
Fruition,Maranon,1359,2014,76%,U.S.A.,3.0,Forastero (Nacional),Peru
Meadowlands,Belize,1287,2014,70%,U.S.A.,3.0,Trinitario,Belize
L.A. Burdick (Felchlin),Bolivian,451,2009,68%,U.S.A.,3.0, ,Bolivia
Heirloom Cacao Preservation (Brasstown),"Maya Mtn, Moho R., Toledo D., 2015",1748,2016,70%,U.S.A.,3.25,Amazon,Belize
Sprungli (Felchlin),Alto Beni,1057,2013,70%,Switzerland,3.0,Criollo,Bolivia
Palette de Bine,"San Juan Estate, Gran Couva",1570,2015,70%,Canada,3.25,Trinitario,Trinidad
French Broad,"Palo Blanco w/ panela, Chulucanas",887,2012,81%,U.S.A.,2.0, ,Peru
Felchlin,Maracaibo Clasificado,48,2006,65%,Switzerland,3.0,Criollo,Venezuela
Guittard,Tsaranta,93,2006,61%,U.S.A.,3.5,Blend, 
Benoit Nihant,"Bali, Sukrama Bros. Farm, Melaya, 62hr C",757,2011,72%,Belgium,4.0,Trinitario,Indonesia
AMMA,Catongo,1065,2013,75%,Brazil,3.25,Forastero (Catongo),Brazil
Republica del Cacao (aka Confecta),"Los Rios, Vinces",439,2009,75%,Ecuador,2.5,Forastero (Arriba),Ecuador
Olivia,Carribean,688,2011,76%,Canada,2.75, ,Carribean
Madre,"Hamakua Coast, Kokoleka",991,2012,70%,U.S.A.,3.25, ,Hawaii
Breeze Mill,Jamaica,1149,2013,70%,U.S.A.,3.0,Trinitario,Jamaica
Ritual,"Camino Verde P., 2012, Balao, Guayas",967,2012,75%,U.S.A.,3.25,Nacional (Arriba),Ecuador
Mast Brothers,Papua New Guinea,777,2011,71%,U.S.A.,2.75, ,Papua New Guinea
Izard,"Elvesia P., Batch 32",1546,2015,70%,U.S.A.,2.75, ,Dominican Republic
Pitch Dark,Nicalizo,1510,2015,80%,U.S.A.,2.75,Trinitario,Nicaragua
Amano,Chuao,544,2010,70%,U.S.A.,3.0,Trinitario,Venezuela
Choklat,Brazilian,377,2009,70%,Canada,3.0, ,Brazil
Fruition,La Red,1046,2013,70%,U.S.A.,3.75, ,Dominican Republic
Soma,Papua New Guinea,387,2009,70%,Canada,3.5,Trinitario,Papua New Guinea
Altus aka Cao Artisan,Gruppo Salinas,1732,2016,60%,U.S.A.,2.75, ,Ecuador
Arete,Elvesia,1928,2016,70%,U.S.A.,3.75, ,Dominican Republic
Arete,Guatemala,1602,2015,70%,U.S.A.,3.25, ,Guatemala
Zotter,Congo,749,2011,65%,Austria,3.0,Forastero,Congo
Mast Brothers,"Chuao, Dark Roast",709,2011,70%,U.S.A.,3.0,Trinitario,Venezuela
Vanleer (Barry Callebaut),Manhattan,963,2012,72%,U.S.A.,2.5,Forastero,Ghana
Bonnat,One Hundred,81,2006,100%,France,1.5, , 
Durci,Corona Arriba,1630,2015,70%,U.S.A.,4.0, ,Ecuador
Bonnat,Kaori,1339,2014,75%,France,4.0, ,Brazil
La Maison du Chocolat (Valrhona),Tobago,1145,2013,60%,France,3.25, ,Tobago
Mutari,"Ambanja, batch 1 SRB",1900,2016,68%,U.S.A.,2.75, ,Madagascar
Georgia Ramon,Akesson P.,1642,2015,65%,Germany,3.25,Trinitario,Madagascar
Jacque Torres,Trinatario Treasure,5,2006,71%,U.S.A.,2.0,Trinitario,Ghana
Szanto Tibor,Crudo,761,2011,70%,Hungary,3.0, ,Venezuela
Manifesto Cacao,Colombia,1331,2014,70%,Colombia,2.75, ,Colombia
Bonnat,Gabon,1042,2013,75%,France,3.25, ,Gabon
Holy Cacao,Ivory Coast,431,2009,70%,Israel,2.5, ,Ivory Coast
Amano,Guayas,470,2010,70%,U.S.A.,4.0, ,Ecuador
Erithaj (A. Morin),Ben Tre,1205,2014,70%,France,3.25,Trinitario,Vietnam
Szanto Tibor,Baracoa,1263,2014,70%,Hungary,3.75,Trinitario,Cuba
Cacao Sampaka,Ecuador,523,2010,71%,Spain,3.75, ,Ecuador
Duffy's,Star of Peru,523,2010,70%,U.K.,3.75, ,Peru
Domori,Sur del Lago Classificado,87,2006,70%,Italy,3.0,Trinitario,Venezuela
A. Morin,Sur del Lago,1315,2014,70%,France,3.5,Criollo,Venezuela
Bisou,"San Andres, silk",1486,2015,78%,U.S.A.,2.5, ,Costa Rica
organicfair,Caribe,1165,2013,72%,Canada,3.0, ,Dominican Republic
Dick Taylor,"Ecuador, Choc. Garage Exclusive",1034,2013,70%,U.S.A.,3.25, ,Ecuador
Soma,Carenero Superior,951,2012,70%,Canada,3.75,Trinitario,Venezuela
Palette de Bine,Duo- Gran Couva & Camino Verde,1399,2014,75%,Canada,3.5,Blend,"Trinidad, Ecuador"
A. Morin,Kpime,1676,2015,70%,France,2.75, ,Togo
Bakau,"Huallabamba, 2015",1454,2015,70%,Peru,3.5, ,Peru
Davis,Ghana,1093,2013,70%,U.S.A.,2.5,Forastero,Ghana
Orquidea,Peru,859,2012,72%,Peru,3.0, ,Peru
Felchlin,"Alto Beni, Cru Savage",56,2006,68%,Switzerland,4.0,Criollo (Wild),Bolivia
Paul Young,"Madagascar, w/ shell",1271,2014,64%,U.K.,2.75,Trinitario,Madagascar
Hotel Chocolat (Coppeneur),"Conacado, 2012, 120hr c.",1113,2013,100%,U.K.,2.75, ,Dominican Republic
Zak's,"House Blend, Batch 2",1582,2015,60%,U.S.A.,3.0, , 
Altus aka Cao Artisan,Momotombo,1728,2016,60%,U.S.A.,2.75, ,Nicaragua
Hotel Chocolat (Coppeneur),Sambirano,809,2012,66%,U.K.,3.5,"Trinitario, Criollo",Madagascar
Finca,Dominican Republic,1283,2014,80%,U.S.A.,3.0, ,Dominican Republic
Arete,Costa Esmeraldas,1904,2016,70%,U.S.A.,3.25, ,Ecuador
Noble Bean aka Jerjobo,Ghana,1295,2014,75%,U.S.A.,3.0,Forastero,Ghana
Askinosie,Davao,331,2009,77%,U.S.A.,3.75,Trinitario,Philippines
Malmo,Chuao,1856,2016,70%,Sweden,3.0, ,Venezuela
Hotel Chocolat (Coppeneur),Trinidad,1038,2013,75%,U.K.,3.0,Trinitario,Trinidad
Palette de Bine,"Alto Beni, Palos Blancos",1239,2014,72%,Canada,2.75, ,Bolivia
Coppeneur,Ghana Puristique,813,2012,85%,Germany,3.5,Forastero,Ghana
Soma,"Sangre Grande P., Trinidad",1073,2013,70%,Canada,3.75,Trinitario,Trinidad
Idilio (Felchlin),"Chuao, Venezuela",1085,2013,72%,Switzerland,3.75,Trinitario,Venezuela
Goodnow Farms,"Asochivite, batch 1005",1924,2016,77%,U.S.A.,3.25, ,Guatemala
Ethel's Artisan (Mars),Porcelana,666,2011,70%,U.S.A.,2.5,Criollo (Porcelana),Venezuela
Matale,"Somia, 2013",1177,2013,68%,Australia,4.0,Trinitario,Madagascar
Madecasse (Cinagra),Madagascar,284,2008,70%,Madagascar,3.75,Trinitario,Madagascar
Friis Holm (Bonnat),"Chuno, double turned, Xoco",899,2012,70%,Denmark,3.25,"Criollo, Trinitario",Nicaragua
Silvio Bessone,"Porcelana, Colombia, Amazonas",741,2011,68%,Italy,3.0,"Criollo, Trinitario",Colombia
Lake Champlain (Callebaut),Tanzania,327,2009,75%,U.S.A.,2.5, ,Tanzania
Treehouse,Conacado,1239,2014,72%,U.S.A.,3.0, ,Dominican Republic
Rogue,"Camino Verde P., Balao, Guayas",979,2012,75%,U.S.A.,3.75,Nacional (Arriba),Ecuador
De Villiers,Bundibugyo District,1832,2016,70%,South Africa,2.5,Forastero,Uganda
Kto,Ocumare,1422,2014,72%,U.S.A.,2.75, ,Venezuela
"Smooth Chocolator, The",Akesson's Estate,1622,2015,70%,Australia,3.5,Trinitario,Madagascar
Chocolate Makers,Tres Hombres,1530,2015,75%,Amsterdam,3.25,Trinitario,Dominican Republic
Maglio,Africa,300,2008,75%,Italy,2.0, ,Tanzania
Sacred,Midnight,813,2012,83%,U.S.A.,2.75, ,Central and S. America
Mars,Ivory Coast,544,2010,65%,U.S.A.,3.0, ,Ivory Coast
Rogue,"Bachelor's Hall E., St. Thomas Parish",1193,2013,75%,U.S.A.,3.75,Trinitario,Jamaica
Cacao de Origen,Macuare; Miranda; Chloe formula,1391,2014,74%,Venezuela,3.25, ,Venezuela
Duffy's,"Nicaliso, Xoco",697,2011,71%,U.K.,3.25,Criollo,Nicaragua
Franceschi,Choroni,1355,2014,70%,Venezuela,3.5, ,Venezuela
Mast Brothers,Madagascar,999,2012,72%,U.S.A.,2.5,Trinitario,
Habitual,Dominican Republic,1197,2014,75%,Canada,3.25, ,Dominican Republic
Marana,Piura,1872,2016,70%,Peru,3.0, ,Peru
Nuance,"Ghana, 2013",1454,2015,70%,U.S.A.,3.75,Forastero,Ghana
De Mendes,"Nativo, Varzea",1462,2015,72%,Brazil,3.5, ,Brazil
Guittard,Quetzalcoatl,147,2007,72%,U.S.A.,3.5,Blend, 
A. Morin,Cuba,1315,2014,70%,France,3.5, ,Cuba
Franceschi,Ocumare,1355,2014,70%,Venezuela,3.75, ,Venezuela
"Smooth Chocolator, The","Maya Mtn, Moho R., Toledo D.",1756,2016,70%,Australia,3.75, ,Belize
Pangea,Matasawalevu,1860,2016,76%,Spain,3.0, ,Fiji
Upchurch,"Madagascar, Sassy Bar",1752,2016,72%,U.S.A.,3.0,Trinitario,Madagascar
Friis Holm (Bonnat),"Medagla, Xoco",1034,2013,70%,Denmark,3.5, ,Nicaragua
Cacao Atlanta,Dominican Republic w/ nibs,502,2010,75%,U.S.A.,2.75, ,Dominican Republic
El Rey,"Rio Caribe, Macuro",439,2009,70%,Venezuela,3.0,Trinitario,Venezuela
Heirloom Cacao Preservation (Millcreek),"Los Rios, Hacienda Limon, Orecao, 2015",1744,2016,70%,U.S.A.,3.5,EET,Ecuador
Tejas,Capistrano*,829,2012,70%,U.S.A.,3.0, ,Madagascar
Bright,Somia Plantation,1231,2014,72%,Australia,3.0,Trinitario,Madagascar
Bonnat,"Xoconusco, cacao Real",395,2009,75%,France,3.0,Criollo,Mexico
Guittard,Special Maker Reserve,276,2008,64%,U.S.A.,3.0, , 
Bittersweet Origins,Sambirano,233,2008,71%,U.S.A.,3.0,Trinitario,Madagascar
Urzi,"Sur del Lago, Merida",1327,2014,65%,Italy,3.25,Trinitario,Venezuela
Maverick,Tumbes,1430,2014,82%,U.S.A.,3.25,Criollo,Peru
Amedei,Trinidad,129,2007,70%,Italy,3.5,Trinitario,Trinidad
La Chocolaterie Nanairo,"Tumbes, 2013 Harvest, Batch 8",1892,2016,70%,Japan,3.0,Criollo,Peru
Sacred,Twilight,813,2012,69%,U.S.A.,3.25, ,Central and S. America
Kah Kow,"Rizek Cacao, Cibao Valley, Domin. Rep.",1061,2013,70%,Domincan Republic,3.5, ,Dominican Republic
Maverick,"Morropon, Norandiono Coop, Piura",1430,2014,63%,U.S.A.,3.5,Criollo,Peru
Scharffen Berger,Las Islas,117,2007,72%,U.S.A.,3.0,Blend,Carribean(DR/Jam/Tri)
Creo,"""heirloom"", Arriba Nacional",1736,2016,85%,U.S.A.,3.25,Forastero (Nacional),Ecuador
Durci,"Rio Caribe, Tepui Treasure",1626,2015,70%,U.S.A.,3.5,Trinitario,Venezuela
Zart Pralinen,"San Juan Estate, Gran Couva",1880,2016,78%,Austria,3.5,Trinitario,Trinidad
Duffy's,Panama,516,2010,70%,U.K.,3.5, ,Panama
Fresco,"Chuao, #217, DR, MC",745,2011,70%,U.S.A.,4.0,Trinitario,Venezuela
Benoit Nihant,"Somia Plantation, Sambirano, 70hr C",773,2011,72%,Belgium,3.75,Trinitario,Madagascar
Soma,"Sambirano Valley, Black Science, B-60307.0",1820,2016,70%,Canada,3.5,Trinitario,Madagascar
Ara,Madagascar,1375,2014,75%,France,3.0,Trinitario,Madagascar
Isidro,Madagascar,1275,2014,72%,U.S.A.,3.5,Trinitario,Madagascar
Madre,Dominican,672,2011,70%,U.S.A.,2.5, ,Dominican Republic
Beau Cacao,"Asajaya E, NW Borneo, b. #132/4500",1948,2017,73%,U.K.,3.0, ,Malaysia
Bonnat,Piura Blanco,629,2011,75%,France,3.5,Forastero (Nacional),Peru
Ambrosia,Dominican Republic,1498,2015,75%,Canada,3.25, ,Dominican Republic
"Smooth Chocolator, The","Papua New Guinea, triple roast, batch 1",1662,2015,65%,Australia,3.5, ,Papua New Guinea
Baravelli's,single estate,955,2012,80%,Wales,2.75, ,Costa Rica
Szanto Tibor,Ambolikapiky,1704,2015,70%,Hungary,3.25,Trinitario,Madagascar
Castronovo,"Maya Mtn, Batch 454, Heirloom",1724,2016,72%,U.S.A.,4.0,Trinitario,Belize
TCHO,Citrus-beta,280,2008,70%,U.S.A.,2.75, ,Madagascar
Danta,Los Ujuxtes,987,2012,70%,Guatemala,3.75, ,Guatemala
Machu Picchu Trading Co.,Peru,552,2010,55%,Peru,2.25, ,Peru
Bahen & Co.,Sambirano,995,2012,70%,Australia,3.0,Trinitario,Madagascar
Erithaj (A. Morin),Ba Lai,1209,2014,74%,France,3.25,Trinitario,Vietnam
Matale,"Malekula P., 2013",1177,2013,72%,Australia,3.5,Trinitario,Vanuatu
Haigh,South America and Africa,701,2011,70%,Australia,3.0, ,"South America, Africa"
Hogarth,Carenero Superior,1712,2016,72%,New Zealand,2.75,Trinitario,Venezuela
Wilkie's Organic,Amazonas w/ nibs,1173,2013,75%,Ireland,2.75,Criollo,Peru
Artisan du Chocolat,Dominican Republic,363,2009,72%,U.K.,3.25,Trinitario,Dominican Republic
Mita,Tumaco,955,2012,65%,Colombia,2.5, ,Colombia
Mana,Ecuador,1446,2015,74%,U.S.A.,2.5, ,Ecuador
Soul,Tanzania,1940,2017,80%,Canada,3.5, ,Tanzania
Caoni (Tulicorp),Los Rios,245,2008,77%,Ecuador,2.75,Forastero (Arriba),Ecuador
Woodblock,Sambirano,951,2012,70%,U.S.A.,3.25,Trinitario,Madagascar
Matale,Blend,1181,2013,70%,Australia,3.75,Trinitario,"PNG, Vanuatu, Mad"
Zotter,Raw,1205,2014,80%,Austria,2.75, , 
StRita Supreme,"Samar, East Visayas region",943,2012,70%,U.S.A.,2.5, ,Philippines
Claudio Corallo,Terreiro Velho P.,227,2008,75%,Sao Tome,4.0,Forastero,Sao Tome & Principe
Chaleur B,Uganda,1426,2014,70%,Canada,2.75,Forastero,Uganda
Mars,Nigeria,544,2010,65%,U.S.A.,3.25, ,Nigeria
Chocolate Alchemist-Philly,"Tumbes, ""Zarumilla""",1772,2016,90%,U.S.A.,2.5, ,Peru
Durci,"Carenero, Empyrean Sabor",1630,2015,70%,U.S.A.,3.25,Trinitario,Venezuela
Vicuna,Palos Blancos,1470,2015,70%,U.S.A.,3.25, ,Bolivia
Soma,"Dual Origins, Sambirano, Elvesia",867,2012,70%,Canada,4.0,Blend,"Dom. Rep., Madagascar"
Franceschi,Canoabo,911,2012,70%,Venezuela,3.75, ,Venezuela
Spencer,"Ecuador, lot E432314L",1792,2016,70%,Australia,3.75, ,Ecuador
Map Chocolate,Ecuador,1478,2015,70%,U.S.A.,3.5,Trinitario,Ecuador
Zotter,El Ceibo Coop,879,2012,90%,Austria,3.25, ,Bolivia
Soma,Ocumare,387,2009,70%,Canada,3.75,Criollo,Venezuela
Moho,"Umoho R., Toledo District, San Felipe",607,2010,67%,U.S.A.,2.75,Trinitario,Belize
Alexandre,"Winak Coop, Napo",1944,2017,70%,Netherlands,3.5,Forastero (Nacional),Ecuador
Sibu,Oro,1586,2015,82%,Costa Rica,3.25, ,Costa Rica
Claudio Corallo,Terreiro Velho P.,470,2010,73.5%,Sao Tome,3.75,Forastero,Sao Tome & Principe
Mast Brothers,Moho River,773,2011,70%,U.S.A.,3.5,Trinitario,Belize
La Chocolaterie Nanairo,"Belize, 2014 Harvest, Batch 9",1892,2016,70%,Japan,3.0,"Trinitario, Criollo",Belize
Zart Pralinen,"Kakao Kamili, Kilombero Valley",1824,2016,70%,Austria,3.5,"Criollo, Trinitario",Tanzania
Soul,Madagascar,1936,2017,70%,Canada,3.5, ,Madagascar
Quetzalli (Wolter),"Mexico, Lot 28022016",1796,2016,70%,Mexico,2.75,Criollo,Mexico
Chocovic,Kendari,439,2009,60%,Spain,3.25, , 
Michel Cluizel,Noir Infini,81,2006,99%,France,2.0, , 
Rogue,"Silvestre, Batch 1, 2011",793,2011,75%,U.S.A.,3.0,Criollo,Bolivia
Chocovic,Guyave,117,2007,71%,Spain,2.5,Trinitario,Grenada
Bronx Grrl Chocolate,Dominican Republic,1181,2013,68%,U.S.A.,2.75, ,Dominican Republic
twenty-four blackbirds,Oko Caribe,1700,2015,75%,U.S.A.,2.75, ,Domincan Republic
Muchomas (Mesocacao),Nicaragua,1462,2015,80%,U.S.A.,3.5, ,Nicaragua
Rain Republic,Suchitepequez E.,470,2010,70%,Guatemala,2.75, ,Guatemala
S.A.I.D.,Samana,615,2010,70%,Italy,3.0, ,Dominican Republic
Carlotta Chocolat,Huila,1888,2016,65%,Colombia,3.5,Trinitario,Colombia
Hotel Chocolat (Coppeneur),"Los Rios, H. Iara, 2012",1065,2013,82%,U.K.,3.5,Forastero (Nacional),Ecuador
Hotel Chocolat (Coppeneur),Santo Domingo,552,2010,70%,U.K.,3.0, ,Dominican Republic
El Rey,"Carenero Superior, Gran Saman",32,2006,70%,Venezuela,2.75,Criollo,Venezuela
Harper Macaw,"Vale do Juliana, w/ nibs",1808,2016,85%,U.S.A.,3.25, ,Brazil
Olive and Sinclair,Dark 75,457,2009,75%,U.S.A.,3.0, ,"Ghana, Domin. Rep"
Cao,Porcelana,1804,2016,75%,U.S.A.,2.5,Criollo,Venezuela
Arete,Oko Caribe,1598,2015,70%,U.S.A.,3.5, ,Domincan Republic
Black Mountain,Carenero Superior,256,2008,70%,U.S.A.,2.75,Trinitario,Venezuela
L'Amourette,Rugoso,1784,2016,80%,U.S.A.,3.5,Trinitario,Nicaragua
Szanto Tibor,"Fazenda Sempre Firme, Bahia",1708,2015,70%,Hungary,3.5,Forastero (Parazinho),Brazil
Brazen,Ambolikapiky P.,1518,2015,80%,U.S.A.,2.75, ,Madagascar
Vao Vao (Chocolaterie Robert),Madagascar,404,2009,80%,Madagascar,2.75,Trinitario,Madagascar
Vintage Plantations,San Martin,1205,2014,75%,U.S.A.,3.0, ,Peru
Silvio Bessone,"Bahia, Scavina",729,2011,60%,Italy,3.25,Trinitario,Brazil
Svenska Kakaobolaget,Sri Lanka,1618,2015,70%,Sweden,2.75,"Criollo, Trinitario",Sri Lanka
Nahua,"Costa Rica, Oscuro",1049,2013,70%,Costa Rica,3.0, ,Costa Rica
Bittersweet Origins,Ghana,963,2012,72%,U.S.A.,3.5,Forastero,Ghana
Patric,"Piura, Choc. Garage Exclusive",1034,2013,67%,U.S.A.,4.0, ,Peru
Friis Holm,"Rugoso, Bad Fermentation",1912,2016,70%,Denmark,3.5, ,Nicaragua
Debauve & Gallais (Michel Cluizel),Papua New Guinea,423,2009,64%,France,3.0, ,Papua New Guinea
Amedei,Venezuela,123,2007,70%,Italy,3.75,Trinitario (85% Criollo),Venezuela
S.A.I.D.,100 percent,615,2010,100%,Italy,1.5, , 
Soma,Eastern Promises,967,2012,70%,Canada,3.5,Blend,"Mad., Java, PNG"
Mast Brothers,"Dominican Republic, Coop",572,2010,70%,U.S.A.,3.25, ,Dominican Republic
Patric,Madagascar,331,2009,75%,U.S.A.,4.0,Trinitario,Madagascar
Pitch Dark,Akesson Estate,1311,2014,73%,U.S.A.,3.25,Trinitario,Madagascar
Rogue,"Silvestre, Batch 7, 2013",1081,2013,75%,U.S.A.,4.0, ,Bolivia
Pump Street Bakery,"Patanemo Vil., Carabobo State, Tisano family",1223,2014,75%,U.K.,2.75,Trinitario,Venezuela
Zart Pralinen,San Juan Estate,1824,2016,85%,Austria,2.75,Trinitario,Trinidad
Coppeneur,Chuao,478,2010,70%,Germany,3.0,Trinitario,Venezuela
Dark Forest,Bolivia,1708,2016,75%,U.S.A.,3.25, ,Bolivia
Guittard,Machu Pichu,259,2008,65%,U.S.A.,3.0, ,Peru
Soma,Porcelana,1594,2015,75%,Canada,4.0, ,Venezuela
organicfair,La Red,1165,2013,72%,Canada,2.75, ,Dominican Republic
Coppeneur,Madagascar,959,2012,70%,Germany,3.5,Trinitario,Madagascar
Nibble,Tumbes,1526,2015,72%,U.S.A.,3.0,Criollo,Peru
Davis,West Africa,907,2012,58%,U.S.A.,3.25,Forastero,West Africa
A. Morin,Agua Grande,1876,2016,63%,France,3.75, ,Sao Tome
SRSLY,Dominican Republic,1121,2013,84%,U.S.A.,2.25, ,Dominican Republic
Valrhona,"Porcelana, Pedegral",757,2011,64%,France,4.0,Criollo,Venezuela
Bonnat,"Ocumare, Puerto Cabello",32,2006,75%,France,4.0, ,Venezuela
A. Morin,Madagascar,1011,2013,70%,France,3.0,Criollo,Madagascar
C-Amaro,Trinidad,765,2011,70%,Italy,2.5,Trinitario,Trinidad
Caoni (Tulicorp),Manabi,266,2008,55%,Ecuador,3.0,Forastero (Arriba),Ecuador
Noble Bean aka Jerjobo,Moho Valley,1299,2014,75%,U.S.A.,3.0,Trinitario,Belize
L'Amourette,Rio Caribe,833,2012,75%,U.S.A.,3.0,Trinitario,Venezuela
Valrhona,Nyangbo,395,2009,68%,France,3.5,Forastero,Ghana
Glennmade,"Toledo District, 2015 Harvest",1848,2016,70%,U.S.A.,3.5, ,Belize
Brazen,Elvesia P.,1514,2015,60%,U.S.A.,3.0, ,Dominican Republic
Ethereal,Ecuador,1275,2014,80%,U.S.A.,3.5, ,Ecuador
Sjolinds,Nicaragua,1462,2015,72%,U.S.A.,3.0, ,Nicaragua
Holy Cacao,Mara,1466,2015,70%,Israel,3.5, ,Venezuela
Stone Grindz,"Ecuador, Midnight Dark",1291,2014,84%,U.S.A.,3.5, ,Ecuador
Pralus,Peru,1446,2015,75%,France,3.25, ,Peru
Amano,Ocumare,175,2007,70%,U.S.A.,3.75,Criollo,Venezuela
Scharffen Berger,Markham Valley,781,2011,68%,U.S.A.,3.75, ,Papua New Guinea
Mana,Venezuela,1219,2014,74%,U.S.A.,2.75, ,Venezuela
La Maison du Chocolat (Valrhona),"Acarigua, w/ nibs",1189,2013,56%,France,3.25, ,Ecuador
Pralus,Equateur,40,2006,75%,France,3.0,Trinitario,Ecuador
Durand,Madagascar,841,2012,82%,France,2.75,Trinitario,Madagascar
Palette de Bine,Maya Mtn,1720,2016,72%,Canada,3.0,Trinitario,Belize
Rogue,"Tranquilidad, Batch 1",1566,2015,75%,U.S.A.,3.25, ,Bolivia
Brazen,Elvesia P.,1514,2015,80%,U.S.A.,3.25, ,Dominican Republic
Adi,"Vanua Levu, Toto-A",705,2011,80%,Fiji,3.25,Trinitario,Fiji
twenty-four blackbirds,Dominican Republic,753,2011,73%,U.S.A.,2.75, ,Dominican Republic
Pacari,Garaua,1415,2014,70%,Ecuador,3.25, ,Ecuador
Dandelion,Colombian,805,2012,70%,U.S.A.,3.25, ,Colombia
Tobago Estate (Pralus),"Roxborough, Tobago",895,2012,70%,France,4.0,Trinitario,Tobago
Ocho,"PNG, Nib Bar",1411,2014,74%,New Zealand,3.5, ,Papua New Guinea
Bellflower,"Kakao Kamili, Kilombero Valley",1800,2016,70%,U.S.A.,3.5,"Criollo, Trinitario",Tanzania
Pralus,Jamaique,32,2006,75%,France,4.0,Trinitario,Jamaica
Cacao Prieto,Dominican Republic,641,2011,66%,U.S.A.,3.75, ,Dominican Republic
SRSLY,Dominican Republic,1113,2013,70%,U.S.A.,3.0, ,Dominican Republic
Pacari,Raw,266,2008,100%,Ecuador,2.0,Forastero (Arriba),Ecuador
Pralus,Cuba,99,2006,75%,France,3.0,Trinitario,Cuba
A. Morin,Chanchamayo Province,1019,2013,63%,France,4.0, ,Peru
Amedei,Toscano Black,75,2006,66%,Italy,4.0,Blend, 
Original Beans (Felchlin),"Alto Beni, Wild Harvest, Itenez R. 24hr c.",733,2011,66%,Switzerland,3.75, ,Bolivia
Chocolarder,Peru,1482,2015,65%,U.K.,2.5,Criollo,Peru
Bright,Marabel Farms,1231,2014,70%,Australia,3.5, ,Dominican Republic
Laia aka Chat-Noir,"Peru, Batch 51/100",1590,2015,75%,France,3.25, ,Peru
Britarev,Ecuador,1638,2015,70%,Russia,3.25, ,Ecuador
Bisou,"Nicaragua, American style",1482,2015,76%,U.S.A.,2.5, ,Nicaragua
Tsara (Cinagra),"Ambanja, Tsara Valley",753,2011,72%,Madagascar,3.5, ,Madagascar
Cacao Sampaka,Grenada,537,2010,71%,Spain,3.25,Trinitario,Grenada
Domori,Madagascar,135,2007,70%,Italy,3.5,Trinitario,Madagascar
Marou,Tien Giang,895,2012,80%,Vietnam,3.0,Trinitario,Vietnam
Valrhona,Tainori,327,2009,64%,France,3.75, ,Dominican Republic
Palette de Bine,Kokoa Kamili,1574,2015,72%,Canada,3.5, ,Tanzania
Indaphoria,La Red,821,2012,70%,U.S.A.,3.25, ,Dominican Republic
Letterpress,San Andres,1566,2015,70%,U.S.A.,3.0, ,Costa Rica
Szanto Tibor,Santo Domingo,939,2012,70%,Hungary,3.25, ,Dominican Republic
Cao,Brazil,1808,2016,70%,U.S.A.,3.25,Trinitario,Brazil
Laia aka Chat-Noir,"Ivory Coast, Batch 56/100",1594,2015,75%,France,3.0, ,Ivory Coast
Guittard,Complexite,387,2009,70%,U.S.A.,3.5,Blend, 
Caribeans,Costa Rica,845,2012,80%,Costa Rica,2.75,Forastero,Costa Rica
Brasstown aka It's Chocolate,Maya Mountain,1255,2014,70%,U.S.A.,3.75,Trinitario,Belize
Sibu,Oscuro,1586,2015,70%,Costa Rica,3.5, ,Costa Rica
Artisan du Chocolat,"Trinidad, Heritage, Limited ed.",1193,2013,72%,U.K.,3.25,Trinitario,Trinidad
Vao Vao (Chocolaterie Robert),Madagascar w/ nibs,404,2009,68%,Madagascar,3.0,Trinitario,Madagascar
Coppeneur,Ocumare 61,558,2010,72%,Germany,3.25,Criollo (Ocumare 61),Venezuela
Bisou,"San Andres, American style",1486,2015,76%,U.S.A.,2.5, ,Costa Rica
Daintree,"Daintree Estates, N. Queensland",785,2011,70%,Australia,3.25, ,Australia
Davis,Venezuela,1093,2013,70%,U.S.A.,2.75, ,Venezuela
Hummingbird,Zorzal Reserva w/ Charles Kerchner,1387,2014,70%,Canada,3.5, ,Dominican Republic
Willie's Cacao,Sambirano,593,2010,71%,U.K.,3.0,Trinitario,Madagascar
Hotel Chocolat (Coppeneur),"Los Rios, H. Iara",1065,2013,90%,U.K.,3.0,Forastero (Nacional),Ecuador
Szanto Tibor,"Ben Tre, Mekong Delta",1708,2015,70%,Hungary,3.25,Trinitario,Vietnam
AMMA,"Monte Alegre, 3 diff. plantations",572,2010,75%,Brazil,3.75,Forastero (Parazinho),Brazil
Hacienda El Castillo,Don Homero- Cerecita Valley,1327,2014,70%,Ecuador,3.0,Trinitario,Ecuador
Caoni (Tulicorp),Esmeraldas,237,2008,77%,Ecuador,2.0,Forastero (Arriba),Ecuador
Fresco,"Jamaica, #210, DR, MC",642,2011,70%,U.S.A.,3.5,Trinitario,Jamaica
Dick Taylor,Elvesia,1235,2014,74%,U.S.A.,3.5, ,Dominican Republic
Kakao,Peru,837,2012,64%,Germany,2.5, ,Peru
Ritual,"Mid Mountain, 2014",1466,2015,70%,U.S.A.,3.5,Blend, 
Mast Brothers,Shake Shack,959,2012,73%,U.S.A.,3.5,Blend,"Peru, Mad., Dom. Rep."
Isidro,Dominican Republic,1279,2014,72%,U.S.A.,3.25, ,Dominican Republic
Xocolla,"Sambirano, batch 170102",1948,2017,70%,U.S.A.,2.75, ,Madagascar
Bittersweet Origins,Puerto Plata,233,2008,68%,U.S.A.,3.75, ,Dominican Republic
Shark Mountain,"Belize, 2013",1335,2014,72%,U.S.A.,3.25,"Criollo, Trinitario",Belize
Szanto Tibor,Porcelana,1263,2014,70%,Hungary,3.5,Criollo,Venezuela
Soma,"Rizek Cacao, Domin. Rep.",1019,2013,77%,Canada,3.75,Trinitario,Dominican Republic
Cacaoyere (Ecuatoriana),Amazonia,237,2008,63%,Ecuador,3.5,Forastero (Arriba),Ecuador
Valrhona,Guanaja,63,2006,70%,France,4.0,"Criollo, Trinitario",South America
Map Chocolate,"A case of the Xerces Blues, triple roast",1606,2015,70%,U.S.A.,3.5, ,Nicaragua
Guido Castagna,Arriba,355,2009,64%,Italy,3.0,Forastero (Arriba) ASS,Ecuador
Pierre Marcolini,Cabosse,111,2007,70%,Belgium,4.0,Blend,"Venezuela, Java"
Martin Mayer,Alto Beni,1836,2016,76%,Austria,2.75, ,Bolivia
Fresco,"Bellavista Coop, #225, LR, MC, CG Exclusive",1149,2013,70%,U.S.A.,4.0,Trinitario,Peru
Solomons Gold,Solomon Island w/ nibs,1796,2016,75%,New Zealand,3.25, ,Solomon Islands
Bittersweet Origins,Sambirano,431,2009,65%,U.S.A.,3.5,Trinitario,Madagascar
Feitoria Cacao,Blue Mountain,1732,2016,76%,Portugal,3.0, ,Jamaica
Callebaut,Baking,141,2007,70%,Belgium,1.0, ,Ecuador
Moho,Toledo District,1030,2013,72%,U.S.A.,3.0,Trinitario,Belize
"Smooth Chocolator, The","Oko Caribe, DOR005",1940,2017,70%,Australia,3.5, ,Dominican Republic
Finca,Dominican Republic,1283,2014,70%,U.S.A.,3.25, ,Dominican Republic
Rogue,"Hispaniola, 2013",1081,2013,70%,U.S.A.,3.5, ,Dominican Republic
Na�ve,Barinas,1399,2014,70%,Lithuania,3.0, ,Venezuela
Castronovo,Arauca,1371,2014,76%,U.S.A.,3.5,"Criollo, Trinitario",Colombia
A. Morin,Equateur,1011,2013,70%,France,3.75, ,Ecuador
Coppeneur,"Sambirano, Menava P.",196,2007,72%,Germany,3.0,Trinitario,Madagascar
Idilio (Felchlin),"Sur del Lago, Amiari Meridena, Zulia, w/ nibs",737,2011,72%,Switzerland,4.0, ,Venezuela
ChocoReko,Patanemo,1454,2015,77%,Japan,3.0,Criollo,Venezuela
Stella (aka Bernrain),India,729,2011,72%,Switzerland,3.25, ,India
Lonohana,"Opaeula Estate, O'ahu, Nene, CG Exclusive",1093,2013,71%,U.S.A.,3.0, ,Hawaii
Beschle (Felchlin),Ecuador,636,2011,72%,Switzerland,4.0, ,Ecuador
Chocolate Con Amor,Nicaragua,1768,2016,80%,U.S.A.,2.75, ,Nicaragua
Vintage Plantations (Tulicorp),"Los Rios, Rancho Grande 2004/2007",153,2007,90%,U.S.A.,2.0,Forastero (Arriba),Ecuador
Ara,Equateur,1379,2014,75%,France,2.75, ,Ecuador
hexx,Madagascar,1546,2015,74%,U.S.A.,3.0,Trinitario,Madagascar
Bonnat,Juliana,672,2011,75%,France,3.5, ,Brazil
Zart Pralinen,"Millot P., Ambanja",1820,2016,70%,Austria,3.5,"Criollo, Trinitario",Madagascar
Pomm (aka Dead Dog),"La Red, 2011",829,2012,76%,U.S.A.,2.5, ,Dominican Republic
Cacao Barry,Tanzania,300,2008,75%,France,2.0, ,Tanzania
Bouga Cacao (Tulicorp),"El Oro, Hacienda de Oro",341,2009,100%,Ecuador,1.5,Forastero (Arriba),Ecuador
Fresco,"Maranon, #230, DR, LC",1387,2014,70%,U.S.A.,3.5,Forastero (Nacional),Peru
Solstice,Bundibugyo,1335,2014,70%,U.S.A.,3.0,"Forastero, Trinitario",Uganda
French Broad,San Andres,1209,2014,80%,U.S.A.,3.0, ,Costa Rica
Eau de Rose,Arauca,1812,2016,70%,Canada,3.25, ,Colombia
Starchild,"Bolivar, Arriba",1634,2015,70%,U.S.A.,3.0,Forastero (Nacional),Ecuador
Felchlin,Arriba,48,2006,72%,Switzerland,3.5,Forastero (Arriba),Ecuador
Marou,"Dak Lak, Batch 2451",1650,2015,70%,Vietnam,3.75,Trinitario,Vietnam
Dolfin (Belcolade),Noir,63,2006,70%,Belgium,1.5, , 
Cacao de Origin,Hacienda la Trinidad,1668,2015,74%,Venezuela,3.25, ,Venezuela
Palette de Bine,Gran Couva,1399,2014,70%,Canada,3.75,Trinitario,Trinidad
Arete,Tien Giang,1900,2016,73%,U.S.A.,3.5,Trinitario,Vietnam
"Chocolate Tree, The",Carenero Superior,1582,2015,80%,Scotland,3.75,Trinitario,Venezuela
Obolo,"Pangoa, w/ nibs",1638,2015,70%,Chile,3.75,Criollo,Peru
French Broad,Guatemala,1634,2015,73%,U.S.A.,3.5, ,Guatemala
Dandelion,"Mantuano, 2012",1085,2013,70%,U.S.A.,3.5, ,Venezuela
Forteza (Cortes),Puerto Rico,1776,2016,80%,Puerto Rico,2.75, ,Domincan Republic
Madre,Puerto Rico,1085,2013,70%,U.S.A.,2.75, ,Puerto Rico
Dark Forest,Ecuador,1554,2015,70%,U.S.A.,3.25, ,Ecuador
Coppeneur,"Porcelana, Venezuela",220,2008,72%,Germany,3.0,Criollo (Porcelana),Venezuela
Pralus,Ghana,40,2006,75%,France,3.25,Forastero,Ghana
Chequessett,la Amistad,1235,2014,70%,U.S.A.,3.5, ,Costa Rica
Felchlin,Elvesia P.,105,2006,74%,Switzerland,3.0,"Trinitario, Criollo",Dominican Republic
Map Chocolate,"Maranon, 2014",1474,2015,62%,U.S.A.,3.5,Forastero (Nacional),Peru
Fearless (AMMA),"Monte Alegre, D. Badaro, Raw, Organic",565,2010,75%,U.S.A.,2.75, ,Brazil
Q Chocolate,Brazil,1057,2013,75%,Brazil,3.25, ,Brazil
Mutari,"Oko Caribe, batch 1 SRB",1896,2016,71%,U.S.A.,2.75, ,Domincan Republic
Maglio,Santo Domingo,308,2008,70%,Italy,3.75,"Blend-Forastero,Criollo",Dominican Republic
Coppeneur,Trinidad,558,2010,72%,Germany,3.0,Trinitario,Trinidad
Salgado,Carenero Superior,288,2008,70%,Argentina,3.5,Trinitario,Venezuela
"Smooth Chocolator, The",Kokoa Kamili,1622,2015,67%,Australia,3.75, ,Tanzania
StRita Supreme,"Samar, East Visayas region",943,2012,75%,U.S.A.,2.75, ,Philippines
Mast Brothers,Ocumare de la Costa,572,2010,75%,U.S.A.,3.0, ,Venezuela
Coppeneur,"Porcelana, Apotequil",341,2009,72%,Germany,3.0,Criollo,Peru
Blue Bandana,Madagascar,911,2012,70%,U.S.A.,3.75,Trinitario,Madagascar
Domori,"Ocumare 67, Puertofino",192,2007,70%,Italy,4.0,Criollo (Ocumare 67),Venezuela
Scharffen Berger,San Juan de Cheni,959,2012,78%,U.S.A.,4.0, ,Peru
Montecristi,Manabi,1658,2015,85%,Ecuador,3.5, ,Ecuador
El Rey,"Carenero Superior, Bucare",206,2008,58%,Venezuela,2.5,Criollo,Venezuela
Habitual,one hundred,1205,2014,100%,Canada,2.0, , 
iQ Chocolate,black label,943,2012,72%,Scotland,3.0, ,Peru
Bonnat,"Porcelana, Apotequil",336,2009,75%,France,2.75,Criollo,Peru
Friis Holm (Bonnat),"Johe, Xoco",623,2011,70%,Denmark,3.25,"Criollo, Trinitario",Nicaragua
Amedei,Chuao,111,2007,70%,Italy,5.0,Trinitario,Venezuela
Frederic Blondeel,Costa Rica,1538,2015,70%,Belgium,3.5, ,Costa Rica
Alexandre,"La Dalia, Matagalpa",1944,2017,70%,Netherlands,3.5,"Criollo, Trinitario",Nicaragua
C-Amaro,Venezuela,809,2012,80%,Italy,3.0, ,Venezuela
Rogue,Porcelana,1209,2014,80%,U.S.A.,3.75,Criollo,Venezuela
Middlebury,Oko Caribe,1490,2015,75%,U.S.A.,3.75, ,Dominican Republic
Belyzium,Belize south,1768,2016,78%,Germany,3.0,Trinitario,Belize
L.A. Burdick (Felchlin),Venzuela,597,2010,71%,U.S.A.,3.0, ,Venezuela
C-Amaro,Sao Tome,749,2011,78%,Italy,2.25,Forastero,Sao Tome
Vintage Plantations (Tulicorp),"Los Rios, Rancho Grande 2004/2007",153,2007,100%,U.S.A.,2.0,Forastero (Arriba),Ecuador
Black Mountain,Matiguas,256,2008,70%,U.S.A.,3.0, ,Nicaragua
Askinosie,Cortes,661,2011,70%,U.S.A.,3.75,Trinitario,Honduras
Pralus,"Monte Alegre, Diego Badero",280,2008,75%,France,3.5, ,Brazil
Pralus,"Djakarta, Java and Ghana",99,2006,75%,France,3.5,"Criollo, Forastero","Indonesia, Ghana"
Fresco,"San Martin, Bellavista Coop, #226, DR, MC",1117,2013,70%,U.S.A.,3.75, ,Peru
Heirloom Cacao Preservation (Manoa),"Maunawili, O'ahu, Agri Research C., 2015",1744,2016,72%,U.S.A.,3.5, ,Hawaii
Chocolate Con Amor,Uganda,1760,2016,70%,U.S.A.,2.75, ,Uganda
A. Morin,Akata,1680,2015,70%,France,3.5, ,Togo
Arete,Camino Verde,1602,2015,75%,U.S.A.,3.5, ,Ecuador
Terroir,Oko Caribe,1554,2015,70%,U.S.A.,3.5, ,Domincan Republic
Artisan du Chocolat,Jamaica,531,2010,72%,U.K.,3.75,Trinitario,Jamaica
Bellflower,"Alto Beni, Palos Blanco",1804,2016,70%,U.S.A.,3.25, ,Bolivia
Bittersweet Origins,"Ocumare, prototype",565,2010,78%,U.S.A.,3.0,Criollo,Venezuela
Idilio (Felchlin),"Ocumare, H. Cata, 48hr c.",733,2011,72%,Switzerland,3.75,Criollo,Venezuela
Ritual,Gran Couva,979,2012,75%,U.S.A.,3.5,Trinitario,Trinidad
Pacari,"Ecuador, raw",817,2012,85%,Ecuador,2.75, ,Ecuador
Dick Taylor,Belize,955,2012,72%,U.S.A.,2.75,Trinitario,Belize
Martin Mayer,Pisa,1836,2016,82%,Austria,3.0, ,Haiti
Pomm (aka Dead Dog),Peru,829,2012,82%,U.S.A.,2.75,Criollo,Peru
Dick Taylor,Sambirano,661,2011,80%,U.S.A.,2.75,Trinitario,Madagascar
Bowler Man,Conacado,1271,2014,70%,U.S.A.,2.75, ,Dominican Republic
Choco Dong,"Tawau, Oct. 2015 Harvest",1696,2015,70%,South Korea,3.5,Trinitario,Malaysia
Stella (aka Bernrain),"Bahia, Agri-Forestal Plantation, 2010",859,2012,68%,Switzerland,2.75,Trinitario,Brazil
Spencer,Dominican Republic,1932,2017,70%,U.S.A.,3.75, ,Dominican Republic
Cacaoyere (Ecuatoriana),Bolivar,245,2008,82%,Ecuador,2.5,Forastero (Arriba),Ecuador
Tan Ban Skrati,"Paramaribo, batch 20160043-01",1868,2016,70%,Suriname,3.25,Trinitario,Suriname
Terroir,Guatemala,1558,2015,70%,U.S.A.,3.75,Trinitario,Guatemala
Soma,Africa,377,2009,70%,Canada,3.5,Forastero,Ghana
Pralus,"Barlovento, Venezuela",32,2006,75%,France,3.5,Trinitario,Venezuela
Amedei,Toscano Black,40,2006,70%,Italy,5.0,Blend, 
Alexandre,"Makwale Village, Kyela",1944,2017,70%,Netherlands,3.5,Forastero,Tanzania
Soma,"Espiritu Santo, 'Smoke Monster'",1307,2014,70%,Canada,3.75,Forastero (Amelonado),Vanuatu
Arete,San Juan,1724,2016,70%,U.S.A.,3.5,Trinitario,Trinidad
Sjolinds,Ghana,1454,2015,70%,U.S.A.,2.75,Forastero,Ghana
A. Morin,Brazil,1011,2013,70%,France,3.25, ,Brazil
Madecasse (Cinagra),Madagascar,284,2008,67%,Madagascar,3.5,Trinitario,Madagascar
Malie Kai (Guittard),"O'ahu, N. Shore, Waialua Estate w/ nibs",502,2010,55%,U.S.A.,3.5, ,Hawaii
Soma,Little Big Man,1339,2014,70%,Canada,3.25,Blend,Madagascar & Ecuador
Harper Macaw,"Tome Acu E., Amazon Rainforest",1700,2015,77%,U.S.A.,3.5, ,Brazil
Hummingbird,"Bolivia, Bo-nib-ia, w/ nibs",1311,2014,70%,Canada,3.0,"Criollo, Trinitario",Bolivia
Bonnat,Surfin,1418,2014,65%,France,3.75, ,"Venez,Africa,Brasil,Peru,Mex"
Pitch Dark,"Camino Verde P., Balao, Guayas, ""Fruity""",1319,2014,73%,U.S.A.,3.25, ,Ecuador
Cao,"Porcelana, Batch 5163",1804,2016,70%,U.S.A.,3.0,Criollo,Venezuela
Duffy's,"Chuno, Xoco",1331,2014,70%,U.K.,3.5,Criollo,Nicaragua
AMMA,"Monte Alegre, 3 diff. plantations",572,2010,50%,Brazil,3.75,Forastero (Parazinho),Brazil
Zotter,Kerala State,781,2011,62%,Austria,3.25, ,India
Batch,Brazil,1868,2016,70%,U.S.A.,3.75, ,Brazil
Rozsavolgyi,"Aragua, Trincheras",717,2011,70%,Hungary,3.5, ,Venezuela
Dandelion,Buto,1303,2014,70%,U.S.A.,2.75, ,Liberia
Feitoria Cacao,Cuyagua,1736,2016,76%,Portugal,2.5, ,Venezuela
Rogue,"La Masica, Batch 1, FHIA Research Center",1748,2016,75%,U.S.A.,3.75, ,Honduras
Night Owl,Peru,1022,2013,75%,U.S.A.,2.75, ,Peru
Beschle (Felchlin),"Porcelana, Premier Cru, Quizas No. 1",508,2010,74%,Switzerland,3.25,Criollo (Porcelana),Venezuela
Ranger,"Tumbes, Batch 2",1562,2015,73%,U.S.A.,3.5,Criollo,Peru
Cacao Atlanta,Tumbes,1215,2014,75%,U.S.A.,2.5,Criollo,Peru
Whittakers,Ghana,733,2011,72%,New Zealand,2.5,Forastero,Ghana
Soma,Cahabon Region,951,2012,70%,Canada,3.5,Trinitario,Guatemala
Tabal,Dominican Republic,1101,2013,70%,U.S.A.,2.75, ,Dominican Republic
Chocovic,Tarakan,439,2009,75%,Spain,3.25, , 
Soma,Black Science Blend 1,607,2010,70%,Canada,3.75,"Trinitario, Nacional","DR, Ecuador, Peru"
Soma,"Three Amigos(Chuao, Wild Bolivia, D.R.)",676,2011,70%,Canada,4.0,,"Ven, Bolivia, D.R."
Amedei,Ecuador,123,2007,70%,Italy,3.0,Trinitario,Ecuador
Cello,Peru,1247,2014,70%,U.S.A.,2.75, ,Peru
Shattel,Tingo Maria,1884,2016,70%,Peru,3.25, ,Peru
AMMA,"Monte Alegre, 3 diff. plantations",572,2010,85%,Brazil,2.75,Forastero (Parazinho),Brazil
Cravve,"Bahia, batch a1213",975,2012,65%,Australia,3.25,Trinitario,Brazil
Mast Brothers,Tanzania,1450,2015,74%,U.S.A.,3.25, ,Tanzania
Frederic Blondeel,Vietnam,1542,2015,80%,Belgium,3.0,Trinitario,Vietnam
Dandelion,Upala,805,2012,70%,U.S.A.,3.0, ,Costa Rica
Kto,ROIG,1426,2014,72%,U.S.A.,3.25, ,Dominican Republic
Mesocacao,El Salvador,1494,2015,80%,Honduras,2.75, ,El Salvador
Fruition,Camino Verde,1185,2013,75%,U.S.A.,3.0, ,Ecuador
Cello,Ecuador,1247,2014,70%,U.S.A.,2.5, ,Ecuador
Lonohana,"Haleiwa, O'ahu; Lonohana E., Kanahiku",1383,2014,70%,U.S.A.,3.75, ,Hawaii
Dormouse,"Rio Caribe, Batch 7",1672,2015,70%,U.K.,2.5,Trinitario,Venezuela
Choklat,Brazilian,377,2009,80%,Canada,3.0, ,Brazil
Choco Dong,"Mekong Delta, early 2014 Harvest",1696,2015,70%,South Korea,2.75,Trinitario,Vietnam
Bittersweet Origins,2009 Hapa Nibby,502,2010,70%,U.S.A.,3.75,Blend,"Dominican Rep., Bali"
Kah Kow,"Rizek Cacao, Domin. Rep.",1069,2013,55%,Domincan Republic,3.25, ,Dominican Republic
Sirene,"Camino Verde P., Balao, Guayas",1343,2014,73%,Canada,3.75, ,Ecuador
Condor,Camino Verde,1630,2015,76%,U.S.A.,3.5, ,Ecuador
Tabal,Peru,1105,2013,70%,U.S.A.,3.0, ,Peru
twenty-four blackbirds,Dominican Republic,1022,2013,68%,U.S.A.,3.25, ,Dominican Republic
Idilio (Felchlin),Coopertiva Amazona,725,2011,72%,Switzerland,3.75,Criollo,Venezuela
Machu Picchu Trading Co.,Peru,721,2011,70%,Peru,1.5, ,Peru
Ambrosia,Papua New Guinea,1498,2015,63%,Canada,3.25, ,Papua New Guinea
Kallari (Ecuatoriana),Diego/ original micro,248,2008,85%,Ecuador,2.5, ,Ecuador
Ara,Chiapas,1379,2014,72%,France,2.5, ,Mexico
Pierre Marcolini,"Kendem Lembu, Java",93,2006,72%,Belgium,3.0,Criollo,Indonesia
Patric,Madagascar,196,2007,70%,U.S.A.,4.0,Trinitario,Madagascar
Duffy's,"Indio Rojo, Xoco",623,2011,72%,U.K.,3.75,Criollo,Honduras
Bright,Gran Couva,1235,2014,68%,Australia,2.75,Trinitario,Trinidad
Coppeneur,Uba Budo,821,2012,72%,Germany,3.75,Forastero,Sao Tome & Principe
Scharffen Berger,Nibby,135,2007,62%,U.S.A.,3.0, , 
Artisan du Chocolat,"Ocumare, Venezuela",355,2009,75%,U.K.,2.5,"Criollo, Trinitario",Venezuela
Manufaktura Czekolady,Johe,1844,2016,70%,Poland,3.75, ,Nicaragua
Tocoti,Dominican Republic,789,2011,74%,U.S.A.,3.0, ,Dominican Republic
Michel Cluizel,Carre Grand Noir,24,2006,85%,France,2.0, , 
Lilla,Madagascar,1856,2016,70%,Finland,3.0,Trinitario,Madagascar
Feitoria Cacao,Maya Mountain,1736,2016,76%,Portugal,2.75,Trinitario,Belize
Hummingbird,Amazonas,1097,2013,70%,Canada,3.75,Forastero,Venezuela
A. Morin,Chanchamayo Province,1019,2013,70%,France,3.5, ,Peru
Alain Ducasse,Madagascar,1215,2014,75%,France,3.0,Trinitario,Madagascar
Zotter,"Loma Los Pinos, Yacao region, D.R.",875,2012,62%,Austria,3.75, ,Dominican Republic
Pascha,Peru,1137,2013,70%,Peru,2.75, ,Peru
Coppeneur,"Ecuador, Puristique",1169,2013,65%,Germany,3.25,Forastero (Nacional),Ecuador
Seaforth,Grenada,1658,2015,70%,U.K.,2.75, ,Grenada
Pralus,Colombie,40,2006,75%,France,3.5,Trinitario,Colombia
Dormouse,"Colombia, Batch 9",1676,2015,80%,U.K.,2.75,"Criollo, Trinitario",Colombia
Bernachon,Nature,797,2012,55%,France,2.75, , 
Ocho,Sang Yum Coop,1760,2016,70%,New Zealand,3.5, ,Samoa
Dick Taylor,Sambirano,661,2011,72%,U.S.A.,3.0,Trinitario,Madagascar
Pump Street Bakery,Guantupi River,1227,2014,85%,U.K.,2.75,Forastero (Nacional),Ecuador
Castronovo,"the lost city, gracias a dias, batch 362",1570,2015,72%,U.S.A.,3.5,Trinitario,Honduras
Arete,Fazenda Camboa,1602,2015,75%,U.S.A.,2.75, ,Brazil
A. Morin,Peru,797,2012,63%,France,3.75, ,Peru
Caoni (Tulicorp),Esmeraldas,269,2008,55%,Ecuador,3.5,Forastero (Arriba),Ecuador
Cacao Barry,Santo Domingo,586,2010,70%,France,3.0, ,Dominican Republic
Republica del Cacao (aka Confecta),Manabi,147,2007,75%,Ecuador,3.0,Forastero (Arriba),Ecuador
Danta,Sambirano,987,2012,70%,Guatemala,3.75,Trinitario,Madagascar
Meadowlands,Bolivia,1287,2014,70%,U.S.A.,2.5, ,Bolivia
Cote d' Or (Kraft),Sensations Intense,48,2006,70%,Belgium,1.0, , 
Map Chocolate,"ROIG, 2014",1474,2015,70%,U.S.A.,3.5,"Criollo, Trinitario",Dominican Republic
Jordis,Madagascar,1534,2015,63%,Czech Republic,2.75,Trinitario,Madagascar
Tablette (aka Vanillabeans),Colombia,1450,2015,70%,Japan,3.0, ,Colombia
Fresco,"Jamaica, #204, DR, SC",370,2009,80%,U.S.A.,2.75,Trinitario,Jamaica
Bakau,"Bambamarca, 2015",1454,2015,70%,Peru,2.75, ,Peru
Ethel's Artisan (Mars),"Peru, Madagascar",666,2011,55%,U.S.A.,2.5, ,"Peru, Madagascar"
Bonnat,Jamaique,761,2011,75%,France,3.25,Trinitario,Jamaica
Zokoko,Alto Beni,697,2011,68%,Australia,3.5, ,Bolivia
Cello,Venezuela,1251,2014,70%,U.S.A.,2.75, ,Venezuela
Raaka,Virunga,1708,2015,75%,U.S.A.,2.75,Forastero,Congo
Madre,"Chiapas, Triple Cacao",607,2010,72%,U.S.A.,2.75, ,Mexico
French Broad,"Norandino, batch 161208",1940,2017,70%,U.S.A.,3.5, ,Peru
Guittard,Trinidad,552,2010,65%,U.S.A.,3.0,Trinitario,Trinidad
Laia aka Chat-Noir,Cuba,1434,2014,70%,France,2.75, ,Cuba
Woodblock,Ecuador,825,2012,70%,U.S.A.,2.5, ,Ecuador
Zokoko,Tokiala,701,2011,66%,Australia,3.5,Trinitario,Papua New Guinea
Meadowlands,Dominican Republic,1291,2014,70%,U.S.A.,3.5, ,Dominican Republic
Theo,Ivory Coast,184,2007,75%,U.S.A.,2.5, ,Ivory Coast
Choklat,"Porcelana, Tabasco",377,2009,70%,Canada,2.75,Criollo,Mexico
Lillie Belle,Purple Haze,947,2012,75%,U.S.A.,2.75, ,"Venezuela, Dom. Rep."
Edelmond,Porcelana,1876,2016,68%,Germany,3.0,Criollo,Venezuela
Xocolat,Hispaniola,1057,2013,66%,Domincan Republic,3.0, ,Dominican Republic
Valrhona,"Loma Sotavento, 2013",1153,2013,64%,France,3.5, ,Dominican Republic
Soma,Noula Coop,817,2012,70%,Canada,3.25, ,Haiti
Bowler Man,Maya Mountain,1267,2014,70%,U.S.A.,2.75,Trinitario,Belize
Omnom,Papua New Guinea,1247,2014,70%,Iceland,3.0, ,Papua New Guinea
Fruition,Peru,863,2012,70%,U.S.A.,2.5, ,Peru
Burnt Fork Bend,Mindo,1299,2014,72%,U.S.A.,3.5, ,Ecuador
Akesson's (Pralus),"Madagascar, Ambolikapiky P.",502,2010,75%,Switzerland,2.75,Criollo,Madagascar
Nanea,Criollo Blend,1007,2013,85%,U.S.A.,3.5, ,Hawaii
Marou,Lam Dong,955,2012,74%,Vietnam,3.5,Trinitario,Vietnam
Taza,Alto Beni,785,2011,87%,U.S.A.,3.25, ,Bolivia
Palette de Bine,Sambirano,1239,2014,78%,Canada,3.75,Trinitario,Madagascar
Artisan du Chocolat,Bali,600,2010,72%,U.K.,3.5, ,Indonesia
Black Mountain,La Red,256,2008,70%,U.S.A.,2.75, ,Dominican Republic
Ethel's Artisan (Mars),Trinidad,666,2011,55%,U.S.A.,2.5,Trinitario,Trinidad
A. Morin,Panama,1011,2013,70%,France,2.75, ,Panama
Rogue,"Akessons Estate, Sambirano, 2013",1038,2013,70%,U.S.A.,3.5,Trinitario,Madagascar
El Ceibo,"Alto Beni, Covendo Region",709,2011,75%,Bolivia,3.75, ,Bolivia
Hummingbird,Momotombo,1311,2014,70%,Canada,3.0,Trinitario,Nicaragua
Chocolate Makers,"Peru, Awagum bar",1530,2015,80%,Amsterdam,3.75,Criollo,Peru
Parliament,Alto Beni,1251,2014,70%,U.S.A.,3.0, ,Bolivia
Durci,"Maranon, Joya Rara",1626,2015,70%,U.S.A.,3.5,Forastero (Nacional),Peru
Amedei,Grenada,123,2007,70%,Italy,3.5,Trinitario,Grenada
Pacari,Nube- prototype,721,2011,70%,Ecuador,3.5, ,Ecuador
Chocovic,Xoconusco,478,2010,71%,Spain,3.25,Criollo,Mexico
Salgado,Rio Arriba,292,2008,70%,Argentina,3.5,Forastero (Arriba) ASSS,Ecuador
Santander (Compania Nacional),Colombian 2008,404,2009,75%,Colombia,2.75,Forastero (Nacional),Colombia
Fruition,Costa Rica,781,2011,70%,U.S.A.,3.0, ,Costa Rica
Emerald Estate,Emerald Estate,1137,2013,70%,St. Lucia,3.25, ,St. Lucia
Zotter,El Oro,879,2012,75%,Austria,3.0,Forastero (Nacional),Ecuador
Marana,San Martin,1884,2016,70%,Peru,3.0, ,Peru
Grenada Chocolate Co.,Grenada,363,2009,60%,Grenada,2.75,Trinitario,Grenada
Amano,"Bali, Jembrana",304,2008,70%,U.S.A.,2.75, ,Indonesia
Akesson's (Pralus),"Bali (west), Sukrama Family, Melaya area",636,2011,75%,Switzerland,3.75,Trinitario,Indonesia
Rococo (Grenada Chocolate Co.),"Gru Grococo, St. Andrews",923,2012,66%,U.K.,3.5,Trinitario,Grenada
Map Chocolate,Le Chocolat Chaud,1634,2015,78%,U.S.A.,3.5, ,Honduras
Parliament,Kilombero Valley,1856,2016,70%,U.S.A.,3.25, ,Tanzania
Dandelion,"Cumboto, farmer Jose Lugo",1026,2013,70%,U.S.A.,2.75, ,Venezuela
Coppeneur,"Porcelana, Tabasco, Mexico",220,2008,72%,Germany,3.0,Criollo,Mexico
Luker,Macondo,552,2010,60%,Colombia,3.0, ,"Colombia, Ecuador"
Ocelot,Piura,1558,2015,75%,Scotland,4.0,Criollo,Peru
Michel Cluizel,Vila Gracinda,135,2007,67%,France,3.5,Forastero,Sao Tome
Fresco,"Sambirano Valley, #214, LR, MC",682,2011,74%,U.S.A.,2.75,Trinitario,Madagascar
Sirene,Kokoa Kamili Coop,1856,2016,73%,Canada,3.5, ,Tanzania
Nathan Miller,Madagascar,1403,2014,73.5%,U.S.A.,2.5,Trinitario,Madagascar
Frederic Blondeel,Ghana,1351,2014,60%,Belgium,3.5,Forastero,Ghana
Michel Cluizel,"Carenero Superior, Concepcion",117,2007,66%,France,3.5,Trinitario,Venezuela
Altus aka Cao Artisan,Sur del Lago,1125,2013,60%,U.S.A.,2.5, ,Venezuela
Altus aka Cao Artisan,Bolivia,1133,2013,60%,U.S.A.,3.0, ,Bolivia
Artisan du Chocolat,Venezuela,486,2010,100%,U.K.,1.75, ,Venezuela
Guittard,"Epique, Blend No. 49",1602,2015,70%,U.S.A.,3.75, , 
Original Beans (Felchlin),"Alto Beni, Wild Harvest, Itenez R., 60hr c.",341,2009,68%,Switzerland,3.25, ,Bolivia
Holy Cacao,"Camino Verde P., Balao, Guayas",1466,2015,70%,Israel,3.5, ,Ecuador
Cacao de Origen,"Chuao, Aragua region",1395,2014,70%,Venezuela,3.75,Trinitario,Venezuela
Shark Mountain,Ecuador,1335,2014,75%,U.S.A.,3.0,Trinitario,Ecuador
Pierre Marcolini,"Peru, Las Pampas P.",531,2010,85%,Belgium,3.0,Criollo,Peru
Valrhona,Caraibe,63,2006,66%,France,3.0,Trinitario,Carribean
Benoit Nihant,Rio Peripa H.,1141,2013,73%,Belgium,4.0,Trinitario,Ecuador
L'Amourette,Blend,853,2012,72%,U.S.A.,3.0,Criollo,"Peru, Ecuador, Venezuela"
Danta,Los Ujuxtes,1223,2014,82%,Guatemala,3.25, ,Guatemala
Scharffen Berger,Jamaica a l'ancienne,56,2006,70%,U.S.A.,2.0,Trinitario,Jamaica
AMMA,"Monte Alegre, 3 diff. plantations",572,2010,60%,Brazil,4.0,Forastero (Parazinho),Brazil
Harper Macaw,Brazil Blend,1696,2015,67%,U.S.A.,3.0, ,Brazil
DeVries,Costa Rica,166,2007,77%,U.S.A.,3.5,Trinitario,Costa Rica
Cacao de Origen,Chuao,1688,2015,77%,Venezuela,3.5,Trinitario,Venezuela
Ambrosia,Madagascar,1494,2015,66%,Canada,3.25,Trinitario,Madagascar
Georgia Ramon,Akesson P.,1646,2015,75%,Germany,3.5,Trinitario,Madagascar
Manoa,"Waiahole, O'ahu",1089,2013,72%,U.S.A.,3.75, ,Hawaii
Domori,Apurimac,87,2006,70%,Italy,3.25,Trinitario,Peru
Manufaktura Czekolady,Grand Cru Dominican Republic,871,2012,70%,Poland,3.25, ,Dominican Republic
Fresco,"Markham Valley, #220, MR, MC",927,2012,69%,U.S.A.,4.0,Trinitario,Papua New Guinea
Amano,Dos Rios,470,2010,70%,U.S.A.,3.75, ,Dominican Republic
Dalloway,"Dominican Republic, batch 7",1928,2017,72%,U.S.A.,2.75, ,Dominican Republic
Zotter,"Brazil, Mitzi Blue",486,2010,65%,Austria,3.0, ,Brazil
Finca,Puerto Rico,1283,2014,65%,U.S.A.,2.25, ,Puerto Rico
Amazona,"LamasdelChanka, San Martin, Oro Verde coop",1145,2013,72%,Peru,3.25, ,Peru
Dick Taylor,Bolivia,895,2012,75%,U.S.A.,2.75, ,Bolivia
Scharffen Berger,Cuyagua,135,2007,75%,U.S.A.,3.75, ,Venezuela
Love Bar,Nicaragua,1502,2015,75%,U.S.A.,2.0, ,Nicaragua
Woodblock,"Camino Verde P., Balao, Guayas",1042,2013,70%,U.S.A.,3.25, ,Ecuador
Zotter,Santo Domingo,879,2012,70%,Austria,3.75, ,Dominican Republic
Ranger,"Chulucanas, Batch 1",1562,2015,80%,U.S.A.,3.25, ,Peru
Sirene,"Lachua w/ maple sugar, batch 5",1614,2015,73%,Canada,3.25, ,Guatemala
Caoni (Tulicorp),Los Rios,269,2008,55%,Ecuador,3.25,Forastero (Arriba),Ecuador
Carlotta Chocolat,Arauca,1884,2016,65%,Colombia,3.0,Trinitario,Colombia
Arete,Phantom,1924,2016,70%,U.S.A.,4.0,Forastero (Nacional),Peru
hexx,Peru,1550,2015,70%,U.S.A.,3.25, ,Peru
Bonnat,Cuba,629,2011,75%,France,3.5,Trinitario,Cuba
To'ak (Ecuatoriana),Manabi,1418,2014,81%,Ecuador,3.25,Forastero (Nacional),Ecuador
Pralus,Fortissima,93,2006,80%,France,4.0,"Criollo, Trinitario",Ecuador
Askinosie,Xoconusco,141,2007,75%,U.S.A.,2.5,Trinitario,Mexico
Park 75,South America,1363,2014,65%,U.S.A.,3.5, ,South America
Hogarth,Akesson's Estate,1712,2016,70%,New Zealand,2.75,Trinitario,Madagascar
Fruition,Signature Blend,753,2011,66%,U.S.A.,3.25,Trinitario,Costa Rica
Artisan du Chocolat,Peru,363,2009,75%,U.K.,3.0,Criollo,Peru
Isidro,Peru,1279,2014,72%,U.S.A.,2.25, ,Peru
Taza,"Dark, Stone Ground",180,2007,70%,U.S.A.,3.0, ,Dominican Republic
Bonnat,"Los Colorados, Santo Domingo, Equateur",1418,2014,75%,France,3.25, ,Dominican Republic
Violet Sky,Moho River Valley,1458,2015,77%,U.S.A.,3.0,"Criollo, Trinitario",Belize
Solstice,Wasatch,1161,2013,70%,U.S.A.,3.5,Blend, 
Hotel Chocolat (Coppeneur),"Island Growers, 120hr c.",623,2011,65%,U.K.,3.0,Trinitario,St. Lucia
Escazu,Guapiles,414,2009,65%,U.S.A.,2.0, ,Costa Rica
Letterpress,Kokoa Kamili,1566,2015,70%,U.S.A.,3.5, ,Tanzania
Mast Brothers,"La Red de Guanconejo, N. Highlands coop",777,2011,74%,U.S.A.,3.75, ,Dominican Republic
Zotter,Huiwani Coop,879,2012,75%,Austria,3.0,"Criollo, Trinitario",Papua New Guinea
Valrhona,Araguani,117,2007,72%,France,3.0,Blend,"Venezuela, Carribean"
Fresco,"Jamaica, #206, DR, LC",370,2009,70%,U.S.A.,3.0,Trinitario,Jamaica
Rogue,Trinidad,213,2008,70%,U.S.A.,3.0,Trinitario,Trinidad
twenty-four blackbirds,Palos Blancos,1026,2013,75%,U.S.A.,2.5, ,Bolivia
Artisan du Chocolat,Madagascar,363,2009,80%,U.K.,3.0,"Criollo, Trinitario",Madagascar
Marana,Cusco,1884,2016,70%,Peru,2.75, ,Peru
Arete,Nacional,1534,2015,68%,U.S.A.,3.5,Forastero (Nacional),Peru
Fresco,"Conacado, #212, LR, SC",642,2011,72%,U.S.A.,3.5, ,Dominican Republic
Zak's,"Madagascar, Batch 2",1578,2015,70%,U.S.A.,3.25,Trinitario,Madagascar
